0001|මෙහෙම නේ කියන්නේ. ෂෙයික් මොහොමඩ් බින් රෂීඩ් අල් මක්හ්තුම්. එයා ප්රසිද්ධ වෙලා තිබෙන්නේ ෂෙයික් රෂීඩ් කියලා.|
0002|දැන් ඇත්තටම එයා නොවෙයි, ඩුබායි බලන්නේ එයාගේ|
0003|දවසක් එයාගෙන් අහනවා.|
0005|එමිරේට්ස් රාජධානිය සවුදි අරාබියාවත් එක්ක පටලවා ගන්න එපා.|
0009|ඒකෙන් වැඩියෙන්ම ලෝකයේ නම කියවෙන තැන|
0010|දැන් මුස්ලිම් ප්රතිශතය තමයි ඉතාම අඩු. උපරිම විස්සක් ඉඳී. ඉතුරු අය|
0011|ඔක්කෝම වෙන වෙන රටවල්වලින් ගිහිල්ලා පදිංචි වෙච්ච අය තමයි ඩුබායිවල ඉන්නේ.|
0012|ඩුබායිවල නීති රීතිත් පොඩ්ඩක් හදලා තිබෙන්නේ විදේශිකයන්ට පොඩ්ඩක්|
0013|අයියත් ඒ පැත්තේ කිට්ටුව රටක නේ ඉන්නේ.|
0014|බී බී සී එකෙන්, ඔබ මොකක්ද මේ රටට කරන්න හදන්නේ කියලා අහනවා.|
0015|හැමදාම මොකක්හරි හදනවා. එයා කියනවා, මට ඕනේ අංක එක වෙන්න.|
0016|මේ කලාපයේ නොවෙයි. මට ඕනේ මුළු ලෝකේම, හැම දේකින්ම අංක එක වෙන්න ඩුබායි.|
0017|ගෙවල් දොරවල් බැලුවොත්, මගේ මිනිස්සු ජීවත් වෙන විධිය බැලුවොත්|
0018|ඒ මිනිස්සුන්ගේ සන්තෝසේ බැලුවොත්, ඒ හැම එකකින්ම අංක එක වෙන්නයි මට ඕනේ මගේ මිනිස්සු. ඒකයි මම කරන්න හදන්නේ.|
0019|අපි දැන් ඩුබායි ඉතිහාසය ගමුකෝ. අපේ තියෙනවා නේ පුරුද්දක්.|
0020|දෙදාස් ගණන් ඉතිහාසයේ|
0021|එක්දාස් නමසීය හැටේ දී ඒ කියන්නේ|
0022|එක්දාස් නමසීය හැටේදී ඩුබායි කියන්නේ කාන්තාරයක් විතරයි.|
0023|ඊටපස්සේ හරිම පොඩි කාලයක් ඇතුළත|
0024|දෙදහස් විසිදෙක වෙනකොට අද ඩුබායිවලට කියන්නේ, “ලෝකයේ වැඩ බිම” කියලා.|
0025|“වර්ල්ඩ්ස් ද බිගස්ට් කන්ස්ට්රක්ශන් සයිට්”|
0026|හැම වෙලාවෙම මොකක්|
0027|එක්දාස් නමසීය හැටේ ඉඳලා ආපු ගමනක් තියෙන්නේ. මම හිතන්නේ, අපිට වැරදුණේ අපිට දෙදහස් පන්සීයක්|
0028|එක්දාස් නමසීය හැටේ පටන් ගත්ත රට තමයි අර ඔතැනට ඇවිල්ලා තියෙන්නේ.|
0029|දැන් මේ රට හදන්න ගන්නේ තෙල්වලින් කියලා නේ අපි හිතන්නේ.|
0031|අපි කියනවා, දළ දේශීය නිෂ්පාදිතයට බලපාන්නේ තෙල්වලින් හම්බවෙන ආදායමෙන් සියයට පහයි.|
0032|අදටත් ඩුබායි කියලා කියන්නේ ලෝකයේ ලොකුම පරිමාණයේ ගනුදෙනු සිද්ධ වෙන වෙළෙඳ නගරය.|
0033|මිනිස්සු බිස්නස් කථා කරන්න ඩුබායිවලට යන්නේ.|
0034|හදලා, වැහි වස්සපු රටවල් ඒවා. අපට තියෙන කඳු ගණින්නත් බැහැ.|
0035|එක්දාස් නමසීය අනූව වෙද්දී එකම එක තට්ටු ගොඩනැඟිල්ලයි තිබුණේ. අද ගොඩනැඟිලි දහකට වැඩිය තියෙනවා.|
0036|බෙන්ට්ලි, අවුඩි, ස්පෝර්ට්ස් වර්ශන්.|
0038|ඇමරිකාව බැහැ කිව්වා. ආයේ ඇහුවා, බැහැ කිව්වා. ඇමරිකාව කිව්වා බැහැ.|
0039|ඩුබායි ලෑන්ඩ් හැදුවා. ඒක ඩිස්නි ලෑන්ඩ් එක වගේ දෙකයි දශම පස් ගුණයක්|
0040|මොකද, මේ මේ මෙයා කියනවා, ලෝකයේ පළවෙනි එක මහ ලොකුවට යූ එස් ඒ වලට හදන්න පුළුවන් නම්|
0041|ෂෙයික් අහනවා ඇයි, ඇයි අපිට බැරි මොකද? මොකක්ද ඇයි අපට? මොනවද අපේ අඩු?|
0042|අහගෙන ඉඳලා නිවේදකයා අහනවා, ඔබතුමාට මොකක්ද මේ තිබෙන හදිස්සිය?|
0043|මේවා ගොඩක් රටවල් මේ ජීවිත කාලයක් වැය කරලා කරන දේවල්.|
0044|ඔයා මේ අවුරුදු පහකින් මේ සේරම කරන්න හදන්නේ මොකද? මොකක්ද ඔයාට වෙලා තියෙන්නේ කියලා අහනවා.|
0047|හොඳම සෞඛ්ය පහසුකම් ලබන ඉස්පිරිතාලයකට ඒ ගොල්ලන්ට යන්න අවස්ථාව තියෙන්න ඕනේ අද.|
0049|ඩුබායි ඉල්ලන්නේ මෙච්චරයි. අපිට ඕනේ ලොකුම එක, අපිට ඕනේ උසම එක, අපිට ඕනේ දිගම එක, අපිට ඕනේ පළවෙනි එක|
0050|අපිට ඕනේ එකම එක. එහෙම නැත්නම්, අපිට එපා.|
0051|ගොඩක් අය අහනවා, එක එක විස්තර අහනවා, නෙළුම් කුලුන ගැන.|
0052|මම තවමත් පරණ මතයේ ඉන්නවා, නෙළුම් කුලුනට වඩා|
0053|ඒ සල්ලි වියදම් කරලා කරන්න වැඩ තිබුණ බව ඇත්ත.|
0054|ඒ වෙනුවට නෙළුම් කුලුන හැදුවා නේ.|
0055|දැන් අපි මොකද ඒක බිමට ගන්නද?|
0056|ඒ ගැන පොඩි පොඩි විස්තර ටිකක් කියන්නම්. ඊයෙ මේ|
0057|මහජන ප්රදර්ශනය සඳහා මේක මහජනතාවට විවෘත කරන දවස නේ ඊයේ.|
0059|අර මිලියන අසූ අටක ණය ඒක ගෙවන්නේ කවුරුවත් පුද්ගලිකව අතින් ගෙවන්නේ නැහැ.|
0060|දැන් දුම්රිය පොළක් හදනවා. මහජන මුදලින් හදන්නේ.|
0061|දැන් මේක තමයි දකුණු ආසියාවේ උසම කුලුන.|
0062|ආසියාවේ උසමකුලුන. හැබැයි මේක කියද්දි මේ තියෙන තට්ටු ගාණෙන් ගණන් හදන්න එපා.|
0063|නිකම් ඇහුවොත් තට්ටු කීයද කියලා එතැන ඉන්න අය කියයි තට්ටු විසි නමයක් විතර වගේ|
0064|ඒ ගොල්ලන් තට්ටුවක් මෙන්න මෙච්චර උස නම් මේ වගේ ඇති කියලා|
0065|ඒ සමහර තට්ටුවල අති විශේෂ උස නිසා|
0066|අර නෙළුම් දණ්ඩේ වගේ තියෙන කොටසේ එහෙම තට්ටු ගණන් කරන්න බැරි නිසා|
0067|මේක ගොඩනැගිල්ලක් හැටියට උසම එකද කියලා බැලුවොත් එහෙම දකුණු ආසියාවේ තිබෙන උසම ගොඩනැගිල්ල දැනට නෙළුම්කුලුන.|
0068|එතකොට ලෝකයේ දා හතර වැනියට උසමකුලුන.|
0070|තත්ත්පර හතලිස් පහයි දශම දෙකයි නමයෙන් මේක උඩම තට්ටුවට යනවා|
0071|උඩට ගිහින් හැමෝම කරන ලොකුම දේ තමයි බිම බලන එක.|
0072|මේකේ ලස්සනම දේ තමයි සිරිපාද නම් මට මතකයි මම ඩබ්ලිව් ටී සී ඉන්න කාලෙත්|
0073|නෙළුම් කුලුනට ගියොත්|
0074|ඔබට නකල්ස් කඳු පන්තිය හරී ලස්සනට බලන්න|
0075|නෙලුම් කුලුනෙ ඉඳගෙන ලස්සනට ඉර පායලා තියෙන|
0076|කාලගුණය පැහැදිලි දවසක් අල්ලලා පැන ගත්තොත්.|
0077|පාට්ලි ක්ලවුඩ් අරවා මේවා නැතිව ක්ලියර් දවසක|
0078|ඔබ හිතනවාද ඒක තිබෙනවා කියලා ඔය කිව්වාට?|
0079|මේකට ආයෝජකයෝ ගණනාවක් දෙස් විදෙස් අය පළ කරලා තියෙනවා ඒ ගොල්ලන්ගේ කටයුතුවලට|
0080|කොහොම හරි කරලා එහෙ මෙහේ කරලා මේකෙන් ගාණ හදා ගන්නවා|
0081|එතකොට රුපියල් පන්සීයෙ ටිකට් තියනවා, රුපියල් පන්සීයෙ ටිකට් ගත්තාම පෝළිමේ ඉදලා තමන්ගේ වාරය ආපුවාම|
0082|තමන්ට එක වෙලාවක් ලැබෙනවා පැය භාගයක් විතර සියලු නැරඹුම්|
0085|ඉතිං මේවායේ බලි කුරුටු අදින්න එපා. අඩුම තරමේ ණය ටික ගෙවලා ඉවර වෙනකම් ඉන්න.|
0088|ඉතිං අර විසි හත් වෙනි තට්ටුවේ තියෙන|
0089|ඒක දැන් කැරකෙනවා සක බඹරෙ වගේ|
0092|ගැසල් මුවා කියල එකෙක් අහල තියෙනවද?|
0094|ගැසල් මුවා බොහොම වේගෙන් දුවන්න පුළුවන් සතෙක්. ඈ.|
0095|රජ කෙනෙක්.මිනිහාගේ නම සින්බෑඩ්. එයාට හිටියා, කුරුල්ලෙක්. උපදේශක කුරුල්ලෙක්.|
0096|වචනවලින් නෙවෙයි, අංගචලනවලින්. අත්තටුවලින්, කකුලෙන්. එහෙම එයා සමහර තීරණ සම්බන්ධව රජතුමා දැනුවත් කරනවා.|
0097|හරියටම හරි. ඈ. එයා පෙලිකන් වර්ගයේ කුරුල්ලෙක්.|
0098|පෙලිකනයාව දැකලා ඇති.|
0102|වාහනය දැන් මොන පාට වුණත්|
0103|පැයකට පස්සේ එනකොට සුදු පාටයි.|
0104|ඕකාට පැසිතුඩුවා කියලයි කියන්නේ.|
0105|පැසිතුඩුවා. කෙළින්ම වතුරත් එක්කම මෙහෙම දිය යට ගහලා ගන්නවා|
0106|මරා ගත්ත වගේ හැඟීමක්. නමුත් ඌ මැරුණේ නැහැ.|
0107|ඊතල පාර වැදිලා පොඩ්ඩක් අමාරු වුණා ඌට.|
0108|දැන් රජතුමා නතර වෙලා ඉන්න කූඩාරමට දැන් ඇවිල්ල ඉන්නවා.|
0109|රජතුමා ඉඳගෙන ඉන්නවා.|
0110|රජතුමාගේ ඉස්සරහ ඊතල පාර කාපු ගැසල් මුවා නිකම් පණ ඇද ඇද වගේ ඉන්නවා|
0111|රජතුමා හරි සන්තෝෂයි. දඩයම සාර්ථකයි. තව ටිකකින් ගැසල් මුවා මැරෙයි.කාගෙත් ඇහැ වහලා ගැසල් මුවා හෙමීට හෙමීට එයාගේ ඉස්සරහ කකුල්|
0113|මරණ බය ජීවිතයට ආපුවහම මාර දේවල් මිනිස්සු කරනවා.|
0114|එකපාරම දුන්නක් වගේ නැවිලා|
0115|ගැසල් මුවා රජතුමාගේ ඔළුවට උඩින්|
0116|වැඩේ තියෙන්නේ ඒක නෙවෙයි.|
0117|ජනප්රිය පිළිගැනීමක් තිබුණා, ඒ කාලේ. කාගේ හරි මනුස්සයෙක්ගේ ඔළුවට උඩින්|
0118|ඒ මිනිහට මරණය නියතයි|
0119|සේවකයො පුළුවන් තරම් උත්සාහ කරනවා, මේ රජතුමාව සනසන්න.|
0120|ඔය බොරු කථා වෙන්න ඇති, රජතුමා.|
0121|ඕවා බොරු කථා. ඕවා නිකම් මතවාද. මනස්ගාත. ඔබ වහන්සේ කලබල වෙන්න එපා.|
0122|නෑ. ඌ රජ කෙනෙක්ගේ ඔළුවට උඩින් පැන්නේ. ඌට වැඩි දුරක් දුවන්න බැහැ.|
0123|මට ඌ මරල දාන්න ඕන.|
0124|දැන් යන්නේ වැඩේ කේන්තියට යන්නේ හොඳේ. සේවකයො දඩබඩ ගාලා අශ්වයෝ ටික ගැට ගහගෙන දුවනවා. දැන් මුකුත් නෑ. පස්සෙන්|
0125|ඒ යනකොට රජතුමා දුවනවා, දුවනවා. ටිකක් වෙලා යනකොට රජතුමාට පේනවා, ගැසල් මුවා දුවනවා.|
0126|රජතුමා වේගෙ වැඩි කළා. අනිත් අය පහු වුණා. කුරුල්ලත් රජතුමාගේ කරේ වහලා වේගෙන් දැන් රජතුමාත් එක්කම යනවා.|
0127|එකපාරටම ගැසල් මුවා ගත්ත වංගුවක්.|
0128|රජතුමාත් ඒ වේගෙන්ම වමට වංගුව ගත්තා.|
0129|පැසිතුඩුවාව විසි වුණා.|
0130|මුවා ගහක වැදිලා නතර වුණා. මුවා මැරුවා, රජතුමා ඇවිල්ලා.|
0131|වැඩේ ඔක්කොම ඉවර වෙලා බලනකොට පිරිවර මඟහැරිලා.|
0132|රජතුමා දැන් කල්පනා කරනවා. නැහැ, මගේ මිනිස්සු-|
0135|මම ගිය අඩි පාර දිගේ ඇවිල්ල හොයාගන්න පුළුවන්. දක්ෂ මිනිස්සු නේ ඉන්නේ ඉතින්.|
0136|මේ ඉන්නකොට පුදුම තිබහක්. එයාට පේනවා, ගහකින්|
0137|හැලුණා, බිමට. රජතුමා හිතුවා, මේ..මේ.. මුලින් අශ්වයාට දුන්නාට|
0139|ගත්ත කඩුව. අත්තටු දෙකම කපලා කකුලකුත් කැපුවා|
0140|තරහට. පෙලිකන් වැටුණා; පෙලිකන් පණ අදිනවා. පණ ඇද ඇද ඌ ගහේ කොහේ හරි තැනක් දිහා බලාගෙන ඉන්නව කියල රජතුමාට එකපාරටම තේරුණා.|
0141|රජතුමා බැලුවා. එතකොට තමයි රජතුමා බැලුවේ, මේ අර දියරය වෑස්සෙන්නෙ කොහෙන්ද?|
0142|රජතුමාට පේනවා, පොළොන්ගු ගුලියක්|
0143|රජතුමාට කොහෙන්ද කෝප්පයක්.|
0144|කඩු අරන් යන්න පුළුවන් නම්.|
0145|ආයුධ අරන් යන්න පුළුවන් නම්.|
0146|කෝප්පයක් අරන් යන්න බැරිද?|
0147|ඒ කාරණා අතර මේ දැන් සිද්ධ වෙන ගොඩක් ඒවා|
0148|ඒ කියන්න සමහර කාරණා කියන්න හිතෙන්නේ නැහැ, සමහර අයට කම්මුලට පහරක් ගැහුවා වාගේ|
0149|ශාසන - අන්තර්ධානය කොටස් පහකට පෙන්වනවා.|
0150|ඉතිං මං මේ මුලින්ම අවසර ගන්න ඕනෑ, මං මේ ලිපියකින් නේ මේක ගන්නේ.|
0151|රත්මලාන ආදර්ශ නගරයේ ධර්ම පර්යේෂණාලයේ අධ්යක්ෂ ස්වාමීන්වහන්සේ හෑගොඩ විපස්සි හාමුරුදුරුවනේ|
0152|ඔබ වහන්සේගෙන් අවසරයි. ඔබ වහන්සේගේ ලිපියෙන් කාරණා ටිකක් ගන්න.|
0153|ඉතින් දැං මේ හැමෝම කියනවා නේ ශාසනය අවුරුදු පන්දාක් කල්|
0154|මේකේ හරි ලස්සනට කියනවා බුද්ධ පරිනිර්වාණයෙන් අවුරුදු පන්සියයකට විතර පස්සේ|
0155|මිළිඳු නාගසේන සංවාදයේ, එතැන එනවාලු කාරණා කිහිපයක් අධිගම - අන්තර්ධානය, ප්රතිපත්ති - අන්තරධානය,|
0156|පරියාප්ති - අන්තර්ධානය, ලිංග -අන්තර්ධායනය සහ ධාතු - අන්තර්|
0157|උන් වහන්සේ කියනවා, හෑගොඩ විපස්සි හාමුදුරුවෝ, පන්දහසක් කල් බුද්ධ ශාසනය පවතිනවා කියන ව්යවහාරය|
0158|එන්ඩ ඇතියි කියලා අනුමාන කරන්න පුළුවන් කියලා.|
0159|දැං ඔයා අහලා ඇති, ඔය බුදුන්වහන්සේගේ කාලයේත්, ඊට පස්සෙත්, සිවු පිළිසිඹියා සහිතව රහත් වුණා කියලා අහලා තිබෙනවාද?|
0160|තැනදී තමයි, ධර්මයට මේ එකක්වත් ප්රශ්න නොවෙයි. දහම කියන්නේ මේක මෙහෙම වෙනවා කියලාම තමයි.|
0161|ප්රශ්නය දහමේ කියලා තියෙන්නේ. ඒක තමයි ධර්මය. ආගමට එනකොට කථාව වෙනස්.|
0162|එතකොට අපට කියනවා විවිධ දේවල්.|
0163|ධර්මය රැක ගන්න අපි මහන්සි වෙන්න ඕනෑ ද?|
0164|දැන් කථාව වෙනස් කරලා අපි යනවා ධර්මය ආරක්ෂා|
0165|ධර්මය අපි විශේෂයෙන් ආරක්ෂා කළත් නොකළත්,|
0166|ධර්මය, ධර්මය විධියට ලෝකයේ මේ මුළු විශ්වයේම තිබෙනවා කියන එක තමයි|
0167|ඔයා අහලා තිබෙනවා කියලා මම විශ්වාස කරගෙන මේ කියන්නේ, සිවු පිළිසිඹියා සහිතව|
0168|පරිනිර්වාණයෙන් පස්සෙ බුදුහාමුදුරුවෝ නැති වුණාට පසුව වෙන දේවල් කියන්නේ.|
0169|මේවා අහලා පහන් සංවේගය උපදවා ගන්නයි කියන්නේ. ඊට පස්සේ ඒ වෙනකොට ෂඩ් අභිඥා සහිතව රහත් වෙනවා කියලා කියනවා.|
0170|කාලයක් යද්දී ඒ විශේෂතා ටික ගන්න බැරුව සුක්ඛ විපස්සකව රහත් වෙනවා කියලා කියනවා. තව කාලයක් යද්දී ඒකත්|
0171|කර ගන්න බැරුව අනාගාමී, සකෘදාගාමි, සොතාපන්න ඒ කියන්නේ සෝවාන්|
0172|ඵල විතරක් ලබන තත්ත්වයට එනවලු|
0173|අවසානයේ සෝවාන් වෙන්නවත් දක්ෂතා, මේකට දක්ෂතාවය ඕනෑ.|
0174|සෝවාන් වෙන්න දක්ෂතාවය ඕන.|
0175|පින තිබෙන්න ඕනෑ, හැකියාව තිබෙන්නත් ඕනෑ|
0176|නැත්නම් ඒක වෙන්න බෑ|
0177|සෝවාන් වෙන්නවත් අපට කුසලතාව නැති වෙනවා. එච්චර පිරිහෙනවා අපි. ගණන් හදලා බලන්න අපි දැන් කොයි හරියේද ඉන්නේ කියලා. ප්රතිපත්ති අන්තර්ධානය|
0178|දැන් මාර්ගඵල උපදවා ගන්න බැරි වුණාම භික්ෂූන් වහන්සේලා චතුපාරිශුද්ධ ශීලය විතරක් රකිනවාලු. කාලයක් ගත වෙනකොට දැන් ඔය|
0179|විනය සම්බන්ධව. කල්ගත වෙකකොට පුංචි පුංචි ශික්ෂාපද උල්ලංඝනය කරනවාලු භික්ෂුන්වහන්සේ|
0180|එහෙම භික්ෂූන් වහන්සේලා හරි හරි ඉන්නවා නම්, මොකද ඒගොල්ලන් සතර පාරාජිකා පමණක් රකිනවා නේ. ඒ ටික විතරක් හරි රකිනවනේ.|
0181|ඒ භික්ෂූන් වහන්සේලා ඉන්න තරම් කාලයවත්|
0184|සරලව ගත්තොත් මුලින්ම පොඩි පොඩි ශික්ෂාපද කැඩෙනවා. ඊට පස්සේ ලොකු ඒවාත් කැඩෙනවා.|
0186|ඊට පසුව දවසක් එනවා, ඒ අන්තිම ශික්ෂා පදෙත් යන්තම් රැකගෙන හිටපු අවසාන භික්ෂූන් වහන්සේලාත් අපවත් වෙන දවස.|
0187|දැන් ඔබ ආයේ හදන්න, ගාන හදන්න.|
0188|අපි ඉන්න තැන දැන් හිතන්න. බය හිතෙනවා මේවා බැලුවාම. ආයෙත් පහන් සංවේග|
0190|මේක පුදුම විධියට අනෙක් මිනිස්සුන්ට දේශනා කරන්න නේ|
0191|අනෙක් එක තමයි පර්යාප්ති අන්තර්ධානය කියලා එකකුත් තිබෙනවා.|
0192|කාලයක් යනකොට මේ අටුවා ටීකා සහිතව බුද්ධ වචනය ඉගෙන ගන්න එක, උගන්වන|
0193|ටික ටික ටික ටික අඩු වෙනවා. මේවා හොයන්න යන්නේත් නැහැ. කාලයක් යනකොට|
0194|ඒ කලියුගයේ රජවරු අධාර්මික වෙනවා. රජවරු අධාර්මික වෙනකොට ඇමතියෝ ගැන කථා කරලා|
0195|ඇමතියෝ, ඊළඟට රට වැසියෝත් අධාර්මික වෙලා,|
0196|රට සශ්රීක නොවෙන තැනට පත් වෙනවා කියලා කියනවා.|
0197|දුර්භික්ෂ ඇති වෙනවා කියලා කියනවා. භික්ෂුන් වහන්සේලාට සිවු පසය නැති වෙනවා කියලා කියනවා. අටුවා ටීකා සහිත බුද්ධ වචනය ධාරණය කර ගන්න|
0198|සූත්ර පිටක පිරිහෙනවා. ඒ ටික ගියාට පස්සෙ ලාභ සත්කාර, කීර්ති ප්රශංසාකාමී භීක්ෂූන් ජාතියක් පමණක්|
0199|ධුරයන්වලට පත් වෙනවා. කල් යද්දී|
0201|අපට හෙන ප්රශ්නයක් තිබෙනවා නේ අන්යාගමිකයෝ අපිත් එක්ක පැටලෙනවා කියලා නේද?|
0202|විනාශ කරන්න බැහැ. මේ විනාශ වෙන විධිය කියලා තිබෙන්නේ. මේ ටික වෙනකොට පරියාප්ති අන්තර්ධානයත් සිද්ධ වෙනවා.|
0203|මම ධාතු අන්තර්ධානය ගැන කියන්නේ නැහැ.|
0204|ඊට කලින් තිබෙන ලිංග අන්තර්ධානය කියන එකත් කියලා|
0205|හරිද? දැන් භික්ෂූන් වහන්සේලාගේ සිවුරු ගැනීම් ආදී ඉරියව් පැවත්වීම්, ඒවා ප්රසාදජනය නොවී යනවා. ඒ කියන්නේ|
0207|ඒක පවා නැති වෙන්න පටන් ගන්නවා.|
0209|හැසිරෙන විධිය දැක්කාම ඔබට ඒ සම්බන්ධව මෙළොව ගෞරවයක්|
0210|බමුණෝ නිගන්ඨයෝ වාගේ හැසිරෙන්න, ඇවිදින්න පටන් ගන්නවා|
0211|ඒවාත් අතහැරලා දාලා, අන්තිමට සිවුරත් අතහැරලා, කහ පාට පටියක් අතේ හෝ කරේ බැඳගෙන අඹුදරුවෝ රකිමින්,|
0212|ගොවි තැන් කරමින්, - මේ විධියට මම කියන්නම්. මම හැදුවො නොවෙන්න.- අඹුදරුවෝ රකිමින්, ගොවි තැන් වෙළ හෙළදාම් ආදී|
0213|විවිධ රැකී රක්ෂා කරමින් ජීවත් වෙති” මෙහෙම හැසිරෙන භික්ෂූන්ට “කාෂාවකණ්ඨක” කියලායි කියලා තිබෙන්නේ.|
0216|හොඳටම වැහැරුණා ඈ. අයිතිකාරයාට දැන් තේරෙනව මේකගෙන් කිසි වැඩක් නෑ. දැන් ගෙදරිනුත් බරේ මේක තියාගෙන වැඩක් නැහැ වෙන බල්ලෙක් ගේන්න. මූ බුරනව ඇහෙන්නෙත්.|
0217|කැලෑවට අරන් ගිහිල්ල කැලේ මැද්දෙදී ගහක ගැටගහල දාල ආව.|
0218|හයියෝ නෙවෙයි ඉතිං සමාජෙ වෙන දේවල් ඉතිං. ඔන්න දැන් කැලේ ගැටගහල ආව. ඔතනින් යනව අන්න මං කියපු වෘකය.|
0222|නරකද මට අස්ස මස් රාත්තලක් දෙකක් ගෙනල්ල දීලා මාව පෘෂ්ඨිමත් කරලම ඉවරයක් කළා|
0223|ගියා ඔය අහල පහල ගමකින් අස්සයෙක් ඩැහැගෙන ඇවිල්ල මස් කෑල්ලක් ගෙනත් දුන්න බල්ලට|
0224|නෑ තාම මදි බැටළු මස් පොඩ්ඩක්වත් කන්න ඕනෙ ඉතිං මේක හරියටම වෙන්න.|
0225|ඔව් නේ. ඒකත් හරි. උඹ කියන එක හරි, උඹ කියන එක හරි. වෘකයා ආයේ යනවා බැටළු මස් ටිකකුත් ගෙනත් දුන්න.|
0226|පහුවෙනිද එනව. අහ්හා දැන් නම් හරි වගේ.|
0227|නෑ ඉතින් ඇත්තටම මේ මේ ඌරු මස් පොඩ්ඩකුත් තිබ්බ නම්|
0229|හා හා වැඩේ ඉවරයක් කරමු කියල. අම්මා.. බල්ලා නැඟිට්ටා.|
0230|අර හිටපු මෙ මෙ කැහැටු බල්ල නෙවෙයි.|
0231|පනිනව කියල විතරයි මතක. ලණුව කඩා ගෙන ඇවිල්ලා දුන්න වෘකස්ට ගේමක්|
0232|දැන් බල්ලගේ බුරන සද්දේ ඇහෙන් නැති ඈතට වෙනකම් දිව්වා.|
0233|ඕං දැන් වෘකය හිතන් යනව දෙන්නෑ සමාව එකෙකුට ආපහු.|
0234|පොඩි යෝජනාවක් තියෙනවා. මොකක්ද උඹේ යෝජනාව? දැන් ඔයා වෘකයා|
0235|ඔයා ඉන්න මේ මේ චූටි කඳු ගැටේ පහලින් ඉන්න.|
0236|කෑල්ලකුත් එක්ක. එතැන කට ඇරගෙන ඉන්න. මම දුවගෙන දුවගෙන ඇවිල්ලා කෙලින්ම ඔයාගේ කටට|
0237|කට කටස් කට කටස් ගාල එනව. ඕංං.. උඩින් එනව එළුව.|
0238|කට ඇරන් ඇස් වහගෙන ඉන්නව.|
0239|ඒ කථාවේ කියනව පැය තුනකට පස්සෙලු වෘකයට|
0240|කල්පනා කරනව එළුවා නෑ. ගිලුනද මට. එළුව ගිලුන නම් මට බඩගිනි නැති වෙලා තියෙන්න ඕනෑ. බඩගිනි නැතිවෙලත් නෑ.|
0241|අයියෝ වෘක රාලහාමි, මොකක්ද ඔයා මේ කරන්නේ. මේ ඉපදුණු ගමන්. බලන්න හැම තැනම මඩ. මට මේ එකා එකාව මේ ගඟෙන් එහා පැත්තට ගෙනත් දෙන්න.|
0242|එතකොට ඔයා හොඳට හෝදල තියෙන්නෙ ඌරු පැටව්. මං ඔයාට විරුද්ධ වෙන්නෑ.|
0243|කන්න ඕන්නං කන්න. ඇත්ත ඇත්ත මඩත් එක්ක කන්න බැහැ නෙ. ඉතිං අනේ ඌර මෙහා පැත්තට ගියා.|
0245|අහුවුණා. ඒකටත් අහුවුණා. ඒකටත්|
0246|වෘකය ඉබාගාතේ යනව දැන් නිකම් හරියට ඇහැ කණ පේන්නෙත් නැහැ.|
0247|ගිහිල්ල අනේ ගොවිපොළක තිබෙනව මොකක් හරි නිකම් ගොඩ ගහල මස් ගොඩක් වගේ|
0248|ඌ හෙමිහිට කිට්ටු කළා. මේක දඩයක්කාරයෙක්|
0249|කන්ඩ ළඟට ගියා විතරයි මතක. ඩෝංංං ගාල සද්දයක් ආව.|
0250|දැන් මං දන්නව ඔබ කල්පනා කරන දේ. මේ වෘකයෙක්ද? ගොනෙක්ද?|
0251|ඔහොම තමයි සමහර රටවල්වල මිනිස්සු අපි ගැන|
0252|මැලේසියාවට ගිහිල්ලා ලොකු ව්යාපාරික කටයුත්තක් ඉතාම සාර්ථකව නිමාවට පත් කරලා එන ව්යාපාරිකයෙක්.|
0253|ආරංචියක් තිබුණා, මහා විශාල කොකෝවා වගාවකට අතගහුවා|
0254|මෙතැන කෙළවරේ චොක්ලට් සම්බන්ධයක් තිබෙනවා.|
0255|සමහර නම් තිබෙනවා නේද, පුබුදු කියලා ගැහැණු ළමයි ඉන්නවා|
0256|මීනා කියන්නේ අරාබි සම්භවයක් තිබෙන|
0258|මොකද, වතුර සුලභ නැහැ ඒ රටවල්|
0259|ළිංවලින් අරගෙන ඇවිල්ලා, දුර අරන් ඇවිල්ලා|
0261|හුඟක් දුර පයින් යන්න තිබෙනවා ඒ ගමටම තිබුණු කිට්ටුව පාත තිබුණු ළිඳට. හරි හිනාවෙලා වැඩ කරපු මනුස්සයෙක්,මීනා.|
0262|එයා හිනාවෙලා මහන්සියෙන් වැඩ කරන එක ගැන ගමේ අය කථා වෙනවා. රජ්ජුවන්ගේ ඔත්තුකාරයොත් ගමේ.|
0263|හැබැයි රජතුමා, සමහර වෙලාවට ඒ වාගේ විශේෂ මිනිස්සු ගැන අවධානයෙන් ඉන්නේ. ඒ වාගේ විශේෂ මිනිස්සු ඡන්දය ඉල්ලයි කියලා දන්නේ නැහැ නේ.|
0264|රජතුමා කිව්වා මීනාව එක්ක ගෙන එන්න කියලා මාළිගාවට. දවසක් මීනාට යන්න වුණා. රජතුමා ඇවිල්ලා මීනාත් එක්ක පොඩ්ඩක් කථාබහ කරලා විස්තර කිව්වා.|
0265|කොහොමද එයා ගැන විස්තර දැන ගත්තේ|
0268|මීනා බොහොම ලස්සනට කළා.|
0269|කොයි වෙලාවේ අඬගැහුවත් මීනා සතුටින් ඉන්නේ.|
0270|මහ රෑක අඬගැහුවත් වැඩකට සන්තෝෂයෙන් දුවගෙන එන්නේ.|
0271|ඔබවහන්සේට මාගේ සේවය අවශ්යද, මොකක්ද ඔබ වහන්සේට මගෙන් කෙරෙන්න ඕනෑ|
0272|රජතුමා බොහෝම සතුටුයි. දැන් රජතුමාගේ පුද්ගලික දේවලුත් මීනාත් එක්ක කියනවා. මීනාගේ පුද්ගලික දේවලුත් රජතුමාත් එක්ක කියනවා.|
0273|මීනාට රජතුමා උදව් කරනවා. මීනාගේ විහිළුවලට තමයි රජතුමා හිනා වෙන්නේ.|
0274|රජතුමා මොනවා හරි දෙයක් කථාබහ කරලා මීනා දිහාත් බලනවා. බලලා මීනාගෙනුත් අහනවා මීනා මොකද, හිතන්නේ.|
0275|මීනා ආවතේවකාරයෙක්. නමුත් රජතුමාගේ ප්රධාන උපදේශකයාට මේක ඇහැට වැලි ගහනවා වාගේ.|
0276|කටු අනිනවා වාගේ. ඔ්න් මෙන්න පපුවේ අමාරුවක් හැදුණා වාගේ.|
0278|රජතුමාගේ අමාත්ය මණ්ඩලයේ ප්රධාන උපදේශකයා දවසක් මීනාව පැත්තට අඬගහලා කියනවා|
0280|මීනා අහනවා උතුමානනී, මොකක්ද හේතුව. “තමුසෙගේ කට ගඳයි” කියලා රජතුමා කියනවා.|
0282|ඒ වුණාට තමුසෙට යුතුකමක් තිබෙනවා නේ මේක දැනගත්තාම දෙයක් කරන්න.|
0284|එහෙම්මම රජතුමාගේ අමාත්ය මණ්ඩල උපදේශකයා ගියා රජතුමාත් හම්බ වෙන්න.|
0285|හම්බ වෙන්න ගිහිල්ලා රජතුමාට කිව්වා රජතුමනි, මේක කිව්වා කියලා ඔබවහන්සේ මොනවත් හිතන්න එපා.|
0286|කේන්ති ගන්නත් එපා.|
0287|මීනා කියනවා “ඔබවහන්සේගේ..|
0288|මේක උහුලන්න අමාරුයි.|
0289|හෙට ඉඳලා මුඛවාඩමක් දාගෙන|
0290|මීනා කියනවා ඔබවහන්සේගේ කට ගඳයි කියලා.|
0291|රජතුමනි, කේන්ති ගන්න එපා.|
0292|ඔබවහන්සේ හෙට බලන්න ඔය යකා මුඛවාඩමක් දාගෙන එනවා ගඳ ඉවසන්න බැරුව. මුඛවාඩමකින් දෙකම වෙනවානේ. තමන්ගේ එක එළියට යන්නෙත් නැහැ. අනුන්ගේ එක ඇතුළට|
0293|එහෙමද, මම ඌත් එක්ක බලා ගන්නම්.|
0294|මම ඌට සැලකුවා වැඩියි. කූඩැල්ලා මෙට්ටේ තියන්න බැහැ. අමාත්ය මූව වළලලා දාන්න|
0295|කේන්ති ගන්න එපා. ඔබවහන්සේ ඉවසලා බලාගෙන ඉන්නකෝ හෙට වෙන දේ. අනේ අහිංසක මීනා පහුවෙනිදා මුඛවාඩමක් දාගෙන එනවා|
0296|මාළිගාවට. රජතුමා බැලුවා. කේන්තිය හංගගත්තා. රජතුමා කැමතිත් නැහැනේ කට ගඳයි|
0297|ඒ නිසා රජතුමා නිකන් ඒක පෙන්වන්නේ නැහැ.|
0299|මිනිහට ඉතින් කිව්වේ කවුද,|
0300|සැණින් වැනුවා කඩුව, කැපුවා බෙල්ල.|
0301|ගහලයා, උඹ හිටපං අපේ පිටත ගේට්ටුව ගාව|
0302|මාළිගාවෙ ඉඳලා රෝස මල් පොකුරක් අරගෙන ඔය ගේට්ටුවෙන් එළියට යන එකෙක් දැක්කොත් හිස ගසා දාපං.|
0303|කලින් දවසේ රෑ ඕඩරේ දීලා තිබුණේ.|
0304|ඔයාට මිස්, මම මල් වඩමක්|
0305|රෝස මල් පොකුරක් අරගෙන මේ ගේට්ටුවන් එළියට එන ඕන එකෙක් දැක්කොත්-|
0306|පහුවෙනිදා මීනා මුඛවාඩමක් දාගෙන ඇවිල්ලා වැඩ. රජතුමා කථා කළා. මීනා, උඹේ සේවය ගැන මට සතුටුයි.|
0307|මම උඹට රෝස මල් පොකුරක් ගෙනාවා දෙන්න. ගෙදර යන ගමන් මේක අරන් පලයං. අනේ මීනා වැඩ ටික ඉවර කරලා රෝස මල් පොකුර අරගෙන දැන් යනවා|
0308|දුර්ලභ වර්ගයේ රෝස මල් පොකුරක්.|
0309|මඟදී යන කොට ඇමතියා දැක්කා රෝස මල් පොකුරක් අරන් මීනා ගෙදර යනවා.|
0310|මීනා, මෙහේ වරෙන්. උඹට කවුද රෝස මල් දුන්නේ.|
0312|මල් පොකුර ගේට්ටුව ගාවදී මල් වඩමක් වුණා.|
0313|රජ අණ කියන්නේ පුතේ රජ අණ. වචනය දුන්නා|
0314|ඇමතියාගේ බෙල්ල රෝල් වෙලා ගියේ.|
0315|රජතුමා බලනවා යකඩෝ|
0316|මීනා මෙහේ වරෙන්. මට ඉස්සලේලාම කියපන් උඹ මුඛවාඩමක් දාගෙන ඉන්නේ ඇයි කියලා. දැන් රජතුමා කෙළින්ම ගත්තා ඔක්කොම|
0317|අනේ රජතුමනි, ඇමතියා කිව්වා නේ මාගේ කට ගඳයි, ඔබවහන්සේ|
0318|මට මුඛවාඩමක් දාගෙන එයා තමයි එන්න කිව්වේ.|
0319|එතකොට බොට මම දීපු රෝස මල් පොකුරට මොකද, වුණේ. රජතුමාට කුතුහලේ.|
0320|ඒක මේ ඇමති මඟදී ඉල්ල ගත්තා.|
0321|කටගඳ නැහැ. උඹ ඕක ගලවලා වැඩ කරගෙන පලයං.|
0323|එච්චරයි මම කියන්නේ.|
0326|අන්න ඒ විධියට තමයි මම මේක චුට්ට චුට්ට වෙනස් කරන්නේ. අපිට ඉගැන්නුවා, වැඩිහිටියෝ සියල්ල දන්න බවත්|
0327|ඒ අය කියන දේට අපි ඇහුම්කන් දිය යුතු බවත්. කියන දේ අහන්න කියලා නේ ඔය කියන්නේ.මම හිතනවා, ඊට වඩා හොඳයි අපිට ඉගැන්නුවා නම්,|
0328|වැඩිහිටියෙක් වෙච්ච පමණින්ම අපි කියන දේ පිළිගන්න ඕනේ නෑ.|
0329|මෝඩයෝත් වයසට යනවා දැන උගත් මිනිස්සු විතරක් නෙවෙයි.|
0331|වයසට වඩා මනුස්සයෙකුගේ ගුණ යහපත්කමට මුල් තැන දෙන්න අපිට ඉගැන්නුවා නම්.|
0332|ගෙදරදි අම්මලා, තාත්තලා අපිට ඉගැන්නුවේ, ගුරුවරුත් ඉගැන්නුවේ, රස්සාවකට ගියාම,|
0333|කියන එක අහගෙන, කීකරුව, අවංකව ඒ බොස්ට සේවය කරන්න කියලා|
0334|ඊට වඩා හොඳයි. බොස් තියා අම්මා, තාත්තා වුණත් දෙයක් වැරදියි නම්, ඒක වැරැද්ද වැරැද්ද විධියට|
0338|ඒ ළමයට ත්රී වීල් එකක් අරන් දීලා ඉන්ඳන එක විතරක් නෙවෙයි ආදායම් මාර්ගයක් තියෙන්නේ. වෘත්තීය පුහුණු මධ්යස්ථාන තියෙනවා. නොමිලේ උගන්නන ආයතන තියෙනවා.|
0339|ලෝකේ ඕනෙම තැනකට යන්න පුළුවන් ඒ ආයතනයෙන් ලැබෙන සහතිකය අරගෙන. එච්චර පිළිගැනීමක් තියෙනවා.|
0341|මට මතක් වෙනවා මේ වෙලාවේ. ඒ මිනිස්සුන්ට මොකුත් කියන්න බෑ. පොඩි කාලයේ ඉඳලා ඔළුවට දාපු දේවල් තමයි ඒ වැඩ කරන්නේ.|
0342|ඕන ගෑණු, පිරිමි භේදයක් නැතිව ඕන මනුස්සයෙකුට අඬන එකත් එක ලස්සනක් කියලා ඉගැන්නුවා නම්.ජීවිතේ අපි හැමෝටම|
0343|අඬන්න ඕනේ තැනක් එනවා.එදාට අඬන්න ඕනේ. ඒකේ කිසි ප්රශ්නයක් නැහැ. ඒක පිරිමිකමට නින්දාවක් නෙවෙයි. අපට හෙන බොරු උගන්නලා තියෙන්නේ. අපිට හැමදාම ඉගැන්නුවා.|
0344|මොන තරම් යහපත් දේ කළත්, කොයි තරම් හරි දේ කළත්,-මිනිස්සු කොහොමත්|
0345|අපිට ඉගැන්නුවේ, ජීවිත කාලේම සාමාජෙට බයේ ජීවත් වෙන්න. ඊට වඩා හොඳ නැද්ද, සමාජෙට කුද ගහගන්න කියලා|
0346|වෙන දෙයක් භාර ගන්න, සිද්ධ වෙන එක කර්මය කියලා. ඊට වඩා හොඳ නැද්ද,|
0347|කර්මය වුණත් වෙනස් කර ගන්න විධිය අපිට ඉගැන්නුවා නම්.අපිට ඉගැන්නුවා, මොකක්හරි දෙයක් වුණාම බෝලේ පාස් කරන විධිය.|
0348|ඊට වඩා හොඳ නැද්ද අපට ඉගැන්නුවා නම්, වරදක් වුණාම ඒකේ වගකීම ගන්න විධිය. අපිට ඉගැන්නුවා සාර්ථක වෙන විධිය.වඩා හොඳ නැද්ද,|
0349|ඊට වඩා හොඳ නැද්ද, ලංකාව වගේ තව උතුම් රටවල් ඊටත් වඩා උතුම් වෙච්ච රටවලුත් තියෙනවා.|
0350|දියුණුව නම්, දියුණෙුවෙන් දියුණුවටම ගිය රටවලුත් තියෙනවා, අපේ රටත් අපි එතැනට|
0353|පටන් ගත්තා කියලා කියන්නේ අටවැනි ශත වර්ෂයේ විතර ඉන්දියාවේ. විශ්වාස කරන්නේ නැහැ.|
0354|චෙස් ලෑල්ල සොයා ගත්තා කියලා කියන්නේ “සේෂා” කියලා පඬිවරයෙක්,|
0355|දවසක් මේක සෙල්ලම් කර කර ඉන්නකොට ඒ කාලයේ ඉන්දියාවේ හිටපු රජතුමාට එකපාරටම හිතුණාලු|
0357|අදින්න පුළුවන් ඉත්තෝ කීයක් තියෙනවාද, එයාගේ|
0359|මේකේ තියෙන තාර්කික හැකියාව ගැන සහ මේ|
0363|තමුසෙට මොනවාද ඕනෑ කියනවා කෝ.” ඔයාට තවත් ප්රශ්නයක් එනවා ළඟදී.|
0364|උඩ අතට අටයි, හරහට අටයි. හරිද?|
0366|මොකද අයිසේ කියන්නේ?”රජතුමනි, මට මගේ චෙස් ලෑල්ලේ කොටු හැට හතරක් තියනවා”|
0367|කොටුවට මට තිරිඟු ඇටයක්.මොකක්ද ඒ?”රජතුමනි, දෙවැනි කොටුවට ඒ වාගේ දෙගුණයක්.“ඒ කියන්නේ?|
0369|ඊළඟ කොටුවට දෙසීය පනස් හයයි. රජතුමා දැන් බැලුවා, රජතුමා කියනවා” “ඒයි ලැජ්ජා කරන්න එපා. ධාන්ය ඇට දෙසීය පනස් හයක් තමුසේ *|
0370|කවුරු කියලද මාව හිතාගෙන ඉන්නේ. යනවා යනවා. තමුසේලා වගේ මිනිස්සුන්ට තෑගි දෙනවාට අයිසේ අපිට ගහන්න ඕනෑ.|
0371|රජතුමා දැන් රෑ කෑම කන ගමන් රජතුමාට මතක් වුණා අර යකාගේ තෑග්ග දුන්නා ද දන්නේ නැහැ කියලා|
0372|අයිසේ මොනවාද අයිසේ ඕක ගැණ ගන්න බැරිද තමුසේලාට තවම. ඕක ගැණ ගන්න බැරිද, ටක්ගාලා ගැණලා ඉවර කරලා ඕක යවලා දානවා.|
0373|ආයේ දැන් මේ නිදාගන්න පැයකට විතර කලින් ආයේ මතක් වෙනවා|
0374|අපේ ගණිතඥයෝ රජතුමනි දිගටම මහා භාණ්ඩාගාරයත් එක්ක එකතු වෙලා ඒ ගොල්ලෝ දිගටම මේක ගණිනවා.|
0375|හෙට එළිවෙනකොට තෑග්ග යැව්වේ නැත්නම් තමුසෙලා හැම එකාගේම හිස ගසා දානවා මම. තමුසෙලා මොකක් හරි මෙතැන මේ යටි කූට්ටු ව්යාපාරයක්”|
0376|පහුවෙනිදා රජතුමා නැඟිටින්නට කලින් දොරට ගහනවා ඇහෙනවා. රජතුමා ඇරියා දොර. මහා භාණ්ඩාගාරයේ අයිතිකාරයා ඇවිල්ලා. බලාගන්න මෑන්ස්.|
0377|තෑග්ග යවන්න ඇති නේ. ඒක කියන්න නේ එන්න ඇත්තේ?රජතුමනි, මම මේ උදෙන්ම ආවේ ඒක කියන්න තමයි. සේෂාගේ තෑග්ග දෙන්න නම් රජතුමනි,|
0378|ඔබතුමාට පොඩි වැඩක් කරන්න වෙනවා. ඔබතුමා මේ මුළු ලෝකයේම කුඹුරු කරන්න කියන්න ඕනෑ මුහුදු සාගර ගොඩ කරන්න කියන්න ඕනෑ.|
0379|හැමතැනම වවන්න කියන්න ඕනෑ. හැමතැනම ධාන්යාගාර හදන්න කියන්න ඕනෑ.|
0380|ඒ කඹුරුවලින්, අරකෙන් මේකෙන් එන සියලුම ධන්යා සේෂාට දෙන්න කියන්න ඕනෑ රජතුමනි. ඒත් සමහර වෙලාවට|
0381|අපි මීටර් හතරක් උස මීටර් දහයක් පළල ධාන්යාගාරයක් හැදුවොත්”,|
0382|ධාන්ය ටික දාන්න අපේ ධාන්යාගාරය දිග් කරන්න වෙනවා, අපේ පොළොවේ ඉඳලා ඉරට තියෙන දුර වගේ.|
0383|මහ විශාල චරිත නොවෙයි වගේ. නිකන් එහෙම නිකන් චූටි චරිත|
0385|ඒක දන්නවාත් ඇති. දන්තිල ගෝරම්භ කියලා ලස්සන කථාවක් තිබෙනවා.|
0386|දන්තිල කියලා කියන්නේ රජතුමා ගාව හිටපු විශ්වාසවන්තම සේවකයා. අග්ර පුරෝහිත.|
0389|ටිකක්, එතකොට රජතුමාගේ ළඟම හිතවතුන්ටත් ටිකක්|
0390|චුට්ටක් විතර පොඩි අනිත් අයට ටිකක් පල්ලයහා තමයි ඉඳගන්නේ.|
0393|රජතුමා අග්ර පුරෝහිත. දන්තිලට යන්න බැරි අස්සක් මුල්ලක් රජ මාළිගාවේ නැහැ.|
0396|සභා මැද කියවුණා. ගෝරම්භයාට ඕක වහ කෑවා වගේ|
0398|මම පොඩි මිනිහෙක් තමයි. හැබැයි වෙරි මර ගාතේ වුණත්|
0399|දවසක් රජතුමා නිකන් භාගෙට නිකන් නින්ද යා ගෙන වාගේ එන වෙලාවේ ගෝරම්භ අතු ගානවා රජතුමාගේ කාමරය.|
0403|ඉතින් ඇඳලා ඉන්නේ ලොකුවට. ඇත්තටම මේක රජතුමාට ඇහෙන්න නේ මේ කියන්නේ.|
0404|රජතුමා නිදි වාගේ අහගෙන ඉන්නවා. අන්තිමට කොහොමින් කොහොමින් හරි බිසවුන් වහන්සේවත්|
0405|මීට වඩා මිනිහෙකුට විස පොවන්න පුළුවන් ක්රමයක් ලෝකයේ ඇත්තේ නැහැ බලන්න හොයලා.|
0406|රජතුමාට මේක විෂ වුණා. ගෝරම්භයා ගියාට පස්සේ රජතුමා කල්පනා කරනවා. දන්තිල මගේ අග්ර පුරෝහිත මේ මාළිගාවේ යන්න බැරි තැනක් නැහැ,|
0407|එක්කෝ බිසවුන් වහන්සේ දන්තිලව වැළඳ ගත්තාද, දන්තිල බිසවුන් වහන්සේව වැළඳ ගත්තාද අපි දන්නේ නැහැ.|
0408|ගෝරම්භගෙන් ඇහුවා මොකක්ද බොල උඹ ඒ|
0409|නිදි විකාරයෙන් මොනවා කියවුණාද දන්නේ නැහැ.|
0410|අනේ මම නිදි විකාරේ මොනවා කිව්වද මට සමාවෙන්න අරහේ මෙහේ කියලා. රජතුමා කොහොම හරි දෝස් මුරය දාලා යවනවා. නමුත් රජතුමාගේ ඔලුවේ වැඩ, මොකක්ද?|
0411|දවසම කල්පනා කරලා හවස් වෙන කොට දන්තිලව එලෙව්වා මාළිගාවෙන්.|
0413|මම විස්තර අහගන්න ඕනෑ මොකක්ද මට මේ කඩාගෙන වැටුණ හෙණ ගෙඩිය.|
0414|මම බොහෝම විශ්වාසවන්ත සේවකයෙක්. මම එතුමාට වාගේම එතුමාගේ බිසවුන් වහන්සේටත් ගෞරව කරන කෙනෙක්.|
0415|ඒ බිසවුන් වහන්සේ වැළඳ ගත්තා කියලා හරිම නීච කථාවක් පැතිරිලා මාළිගාවේ.|
0416|ඒක කේළමක්. ඒක ඇත්තක් නොවෙයි කියලා මම කියන්න ඕනෑ කියා හිතාගෙන දන්තිල එනවා දැන් මාළිගාවට.|
0417|කථා කරන්න දෙන්න. උඹලට මතක නැද්ද මං උඹලගෙ හිටපු අග්ර පුරෝහිත. හිටපු අග්ර පුරෝහිත වෙන්න පුළුවන්. දැන් තමුන් පුරෝහිතකමේ නෑ..|
0418|මේක දැක්කා මේ මාලිගාවේ ඉස්සරහා පඩිය අතු ගගා හිටපු ගෝරම්භය|
0419|කෑගහල කියනවා අනේ, ඔය අපේ හිටපු අග්ර පුරෝහිතතුමාට එන්ඩ දෙන්ඩ.|
0421|එහෙම කියපු ගමන් දන්තිලගේ නාඩි වැඩ කළා. දන්තිල අග්ර පුරෝහිතතුමාට තේරුණා|
0422|අනිවාර්යයෙන්ම මට අඹරන්න ඇත්තේ මේ යකා|
0423|හවස ඇවිල්ලා ගෝරම්භව ගෙදර කොහොම හරි එක්ක ගෙන ගියා. දන්තිලලගේ ගෙදර.|
0424|ගෝරම්භට කියනවා අනේ ගෝරම්භ ඇත්ත වශයෙන්ම මගෙ අතින් වරදක්|
0425|ඒ වෙලාවේ මම ඒක කරපු එක ගැන. නමුත්,|
0427|මම එහෙම කළේ රජතුමා එහෙම දැක්ක නම් එහෙම උඹේ හිස ගසා දානව.|
0428|ඇත්තටම බැලුවාම මං උඹේ ජීවිතේ බේරලයි තියෙන්නේ. නමුත්, ඉතින් මම ඒ එතෙන හැසිරුණු විධිය නම් ටිකක් හරි මදි කියල මට හිතෙනව.|
0429|ඉතින් ඒ ගැන මොකුත් හිතන්න එපා. සමාවෙන්න කියල|
0430|ඒකට මිලක් නියම කරන්න බැරි තරම් වටිනා|
0431|මේක හම්බුණාම ගෝරම්භව නිකම් පිස්සු වැටුණා.|
0432|එයා කල්පනා කරල කිව්වා දන්තිල අග්ර පුරෝහිතතුමා ඔබවහන්සේව මීටත් වඩා හොඳ තැනකට|
0433|පුළුවන් විධියට මං වැඩේ කරනවා බලා ගෙන ඉන්න|
0434|ගිහිල්ලා ඕං දැන් පහුවෙනිදා රජතුමා ඕං නින්ද|
0435|අනේ මං දන්නෑ මෙහෙමත් රජවරු.|
0438|ගැත්තාට අනුකම්පා කරන්න පස්වාන්දාහකට දෙදාහකට තුන්දාහකට පන්දාහකට|
0439|අනුකම්පා කරන්න මේ අහිංසකයට කියලා|
0440|රජතුමා කල්පනා කරනව, මූ දන්තිල ගැන කිව්වෙත් මේ වගේද දන්නෑ|
0441|අපාරදෙ ඇත්තට ඒ මනුස්සය හරී ගුණයහපත් මනුස්සයනෙ.|
0443|වහාම දන්තිලව ගේන්න ඇරිය පණිවිඩයක් ඒ රෑම.|
0446|මාලදිවයින සහ ශ්රී|
0450|දාහකට දශම එකයි පහයි කියලා|
0452|ද, පිරිමින්ටද කියලා මට මේ වෙලාවේ කියන්න බැහැ.|
0454|ඒකේ ඩොලර් දාහක්ම දාලා තිබුණා.|
0455|දාලා කිව්වා දුවට, පුතා මෙන්න මගේ තෑග්ග ඔය දෙන්නාගේ කසාදෙට.|
0456|හැම සතුටු මොහොතකදීම ඔය දෙන්නා ඒක සමරන්න කලින්|
0457|ඒ සතුට වෙනුවෙන් මේ බැංකු පොතට කීයක් හරි දාන්න. දාලා සතුට සමරන්න.|
0458|මේ දෙන්නා මේ බැංකු පොතත් අරන් ගියා. ගිහිල්ලා මේගොල්ලෝ මුලින්ම හිටියේ කුළියට. මේ දෙන්නා පුංචි ගෙයක් ගත්තා.|
0459|අම්මා කිව්ව කථාව මතක් තවත් ගිහින් බැංකු පොතට ඩොලර් දාහක්ම දාලා, ගත්ත සන්තෝසේ|
0461|ඩොලර් පනහක්, සියක් හරි මේකට|
0465|හරිම පොඩි දේවල්වලට පුංචි පුංචි රණ්ඩු යනවා ගෙදර. ඒ පුංචි රණ්ඩු තමයි ලොකු වෙන්නේ.|
0466|අතු ගංගාවල් මහවැලි ගංගාවල් වෙනවා වාගේ චූටි රණ්ඩු ලොකු වුණා.|
0468|තරහ, කේන්තිය, නුරුස්සන ගතිය කියන ගහ මහ විශාලව වැඩුණා. අවුරුදු ගණනක සන්තෝස කථාව ඉවරයි.|
0469|අවුරුද්දක් ඇතුළත දෙන්නට දෙන්නා පෙන්නන්න බැරුව ගියා. හරියට ඔය දෙන්නට|
0472|එයා කල්පනා කළා බැංකුවේ තියන එකතු වෙලා තිබුණු සල්ලි ටික. මෙයාට මතක් වුණා බැංකු පොත.|
0473|ගිහින් ගත්තා. ලොකු ගාණක් එකතු වෙලා|
0475|ඒකට හේතුව බැංකු පොතටම අලවපු|
0479|එයාගේ එක තැනක ඇස් දෙකට කඳුළු එනවා.|
0480|ජීවිතේ කොයි තරම් ප්රීතිමත් අවස්ථා අපි ගත කරලා තිබෙනවාද? අපි දෙන්නා ජීවිතේ කොයි තරම් දේවල් එකට කරලා තියෙනවාද.|
0481|කොයි තරම් අපි ප්රීති වෙලා තියෙනවාද. ගෑනිට ඇඬුණා.|
0484|එයාට පේනවා කොච්චරක් ප්රීතිමත් අවස්ථා ජීවිතේ තිබුණාද.|
0485|පුංචි දේවල්වලින් මුළු ජීවිතේම පැත්තකට තල්ලු කළත් අවුරුදු ගණනක් අපි හැමදේම එකට බෙදාගෙන විඳගෙන සන්තෝසෙන් හිටියා නේද|
0492|මට ආයෙත් පාරක් මතක් කර ගන්න පුළුවන් වුණා කියලා. දෙන්නා බදාගෙන අඬනවා. *|
0494|ඔයා කාටවත් ජීවිතයේ ඔයාගේ අහංකාරකම පෙන්වලා *|
0495|එක පාරටම ඔළුවට ගහනවා. මහසෝනා ගැහුවාට එහා. අහංකාරකම ගැහුවාම. අහුම්කන් දෙන්නේ නැහැ නේ *|
0496|කියන දේවල් ඇහෙන්නේ නැතිව යනවා. අහංකාරකමට කන් බිහිරි වෙනවා කියලා මම හිතනවා.|
0497|ඇස් පොට්ට වෙනවා. අහංකාරකම ආපුවාම. රයිට්. අපි කථාවට එමු. *|
0498|ක්ෂේත්ර නිලධාරියකු ඉන්නවා ටෙක්සාස්වල. ටෙක්සාස්වල ඉන්න ක්ෂේත්ර නිලධාරින්ට විශාල බලයක් තිබෙනවා.|
0499|ඔය ටෙක්සාස්වල සමහර වෙලාවට නීති විරෝධී සමහර වගාවන් සිද්ධ වෙනවා, ඔහොම, ඔහොම කියලා හරි උනන්දුවෙන් ඒගොල්ලෝ බලනවා.|
0500|ඒගොල්ලන්ට බලය දීලා තිබෙනවා ඒ පිළිබඳව තොරතුරු සොයලා වාර්තා කරන්න. දවසක් මෙයා යනවා ගොවි බිමකට. *|
0501|ගිහිල්ලා අයිතිකාරයට කථා කරනවා. ගොවි මහත්තයෙක් ඉන්නවා. “ලොකු උන්නැහේ, එන්න. මම ආවේ ඔයාගේ වගා බිම පරීක්ෂා කරන්න. *|
0502|ආ.. සර් කොයි පැත්තේද ඔයාගේ වගා බිම|
0503|සර් මේ පැත්තේ. හැබැයි සර් මේ ඔහොම ඔයා ගියාට කමක් නැහැ. සර්,” මේ මේ “ මොකක්ද සර්, සර් කියන්නේ? *|
0504|මම ආවේ ඔයාගේ වගාබිම පරීක්ෂා කරන්න. මම ආවේ|
0505|මේකේ යම්කිසි නීති විරෝධී දේවල් මේ වගාබිම තුළ සිද්ධ වෙනවාද කියලා සොයා බලා වාර්තා කිරීමේ බලය මට තිබෙනවා.|
0506|නැහැ සර්, ඒක හරි සර්, නමුත් සර් මෙතැනින් තමයි සර් ඇතුල් වෙන්නේ. නමුත් සර් අර පොඩි කොඩිය කණුවක් වාගේ දාලා තිබෙන්නේ?|
0508|මම ක්ෂේත්ර නිලධාරියා ටෙක්සාස්.|
0509|ඔයා කවුද මට අතනට යන්න එපා, මෙතැනට යන්න එපා,” “නැහැ සර් මම කිව්වේ සර් මේ *|
0510|පෙන්වලා “බලනවා පේනවාද මේක? මේක පෙන්නුවාම ඕනෑ කෙනෙක් සැලෙන්ඩර් වෙනවා. සෙල්ලම් කරන්න හදන්න එපා මාත් එක්ක. *|
0511|මේක පෙන්නුවාම කවුරුවත් මගෙන් ප්රශ්න අහන්නේ නැහැ” “ මට තේරෙනවා සර්.|
0513|“ මට කථා කරන්න” කියලා මිනිහා ගියා. *|
0514|මහත්මයාත් ඉතින් හිටියා. දැන් ඉතින් කථා කරලා වැඩක් නැ|
0515|ඔච්චර එපා කියද්දී. ඉස්සෙල්ලාම ගිහිල්ලා තියෙන්නේ|
0516|ගතවෙන මිනිත්තුවක්, මිනිත්තුවක් පාසා|
0517|ගොවි මහත්තයාට අනතුර දැනෙනවා, ඉව|
0519|ඉහ අත බදාගෙන ගොවි මහත්තයා වැට ගාවට දුවනවා.|
0520|දුවලා කෑ ගහනවා ගිරිය යටින් කෑ ගහනවා|
0521|සර්, සර් බැජ් එක|
0522|මනුස්සයෙක් යමක් කියන්න උත්සාහ කළාම ඇහුම්කන් දෙන්න|
0523|ඉතා වැදගත් තොරතුරක් කියනවා වෙන්න පුළුවන්.|
0526|අතකින් කරවැලකි, අතකින් දඬු බෑය.|
0527|මම ඕකට බඩ පැළෙන්න හිනා|
0529|ඇත්ත. ඇත්ගොව්වාට අර සද්දන්ත සතාව ලොරියට තල්ලු කරලා දාන්න හිතෙන එකත් හෙන ජෝක් එකක්|
0530|නමුත් ඔයා දන්නවාද, සමහර වෙලාවට ඌට දැනෙනවා මේ අත පිටිපස්සට තියලා තල්ලු කරන කොට ඌට පොඩි සහයෝගයක්|
0531|පොරවල් දෙකතුනක් මට දැන් නෙළන්නයි|
0532|මම දැන් ඉස්කෝලේ ඇරලා ගෙදර එන්න භයේ ඉන්නේ.|
0533|මගෙන් ඇහුවා මොකද මචං. මම කිව්වා, නැහැ. ජනියත් එක්ක පොඩි එකක්.|
0534|මොකක්ද අවුල? නැහැ මචං. උන් සෙට් එක අද දැන් ඉන්නවා එළියේ මේ|
0535|ඉස්කෝලේ ඇරිලා මට මේ මේ එළියට යන්න විදියක් නැහැ. වැඩ වගයකුත්|
0536|ජනියා. අනේ මේ නිකං ඉන්න කියපං.|
0537|මචං එහෙම කොහොමද? මගේ අතක් තරම්වත් නැහැ.|
0538|ඊට පස්සෙ ඉවර වෙලා බලන කොට මම වැටිලා|
0540|ඉතිං ඒ වාගේ. ජීවිතයේ සමහර ගැටලුවලට පොඩි සහයෝගයක් ඇති|
0541|ඒක ඵලදායිද, නැද්ද කියන කාරණාව දෙක. එහෙම සහයෝගය පළ කිරීම පුදුමාකාර දෙයක්. ඔබට පුළුවන් නම් එහෙම තැනකට අත දමන්න|
0542|පෙන්වන්න. ඔබට ඒ යාළුවාට|
0543|තියෙනවා, යම් කිසි විශ්මයජනක දේවල් සිද්ධ වෙන්න පුළුවන් කියලා.|
0544|නත්තලේ තියෙන මියුසික් බලන්න කො. *|
0546|ඕකට උතුරුකුරු දිවයින සම්බන්ධයි.|
0547|පිනි මුවා ඉන්නවා. ඒ ගොල්ලො ඉතින් උඩින් යනවා, අරහේ මෙහේ කියලා කියන්නේ.|
0548|සියලුම කම්කටොළු මැද සතුටු වෙන්න පොඩිම තැනක් හරි ඔබ හොයා ගත්ත නම්,|
0549|ඊට එහා නත්තලක් නෑ.|
0552|හැමෝගෙන්ම රුපියල් දහසක් එකතු කරනවා. ආයතනයේ සේවකයො ඉන්නවා, පන්සීයක් විතර.|
0553|ලක්ෂ පහක ලොකු තෑග්ගක්.|
0554|ඉතින් මේකට තමන්ගේ නම ලියල දාන්න තියෙන්නේ. ඉතින්, දැන් ඔන්න අදාළ දවස ආවා.|
0557|ඊළඟ මිනිත්තු කීපය ඇතුළත අපි සාදය ඉවර වෙන්න අන්තිම සිංදුවට කලින් දිනුම් ඇදීම|
0560|ඉතින්, අද මෙතෙන්ට රුපියල් දහසක් අරගෙන ආපු කෙනෙක් රුපියල් ලක්ෂ පහක් අරන් ගෙදර යන වෙලාව.|
0561|ඔය ඔබේ මේසෙ උඩ බලන්න. ඔබේ වීදුරුවට යටින්|
0563|ඔතන ඉන්නව එක මනුස්සයෙක්. එයාට මතක් වෙනවා, එයාට හැමදාම උදේට තේ එක අරගෙන එන කොම්පැනියේ, ඒ ගොල්ලන්ගේ කොම්පැනියේ වැඩ කරන අම්මා කෙනෙක්|
0564|පරණ සේවිකාවක්. එයා දැන් කාලයක් තිස්සේ වැඩ.|
0566|මෙයාට තමන්ගෙ නම ලියන්න ගියාම එයාට මතක් වුණා එයාව. එයාට මතක් වුණා, පහුගිය දවසක කිව්වා නේද,|
0567|එයාගෙ පුතා ඔත්පල වෙලා. දැන් අවුරුදු කීපයක් තිස්සේ ඉස්පිරිතාලෙක.|
0570|ඒ නිසා දරුවගේ ජීවිතය පිළිබඳවත් ප්රශ්නයක් තියෙනව කියලා ඔය තේ එකක් හදලා අල්ලන වෙලාවෙ හෙමීට කියපු කථාවක්|
0571|එයා පෑන අරන් තමන්ගේ නම ලියන්න කල්පනා කරලා මට වඩා සල්ලි ඕන එයාට කියල හිතල එයාගෙ නම ලියනවා වෙනුවට|
0573|මොන තරම් සද්භාවයෙන් මේ නම ලිව්වත් දැන් අත දාලා ගන්න පළවෙනි කොළ කෑල්ලෙ|
0574|ඒ අම්මගෙ නම තියෙන එක ඔයා හිතන්නෙ|
0578|එයාට හිතෙනවා, දැන් ඉතින් මොන දෙයියන්ට කියන්නද? දැන් සමහර විට, මගේ නම යටම තිබුණත් මම දාපු නම දැන් උඩට ඇවිල්ල ඇති.|
0580|කොහොමද එන්නේ. ගත්ත කොළ කෑල්ල. ඔන්න අරගෙන, කොම්පැනියෙ ලොක්කා *|
0581|හොඳයි. ඔබ දන්නවා, මේ තමයි අපි හැමෝම බලාපොරොත්තු වෙච්ච ඒ මොහොත. *|
0582|මම සූදානම්. කවුද ඒ ජයග්රාහකයා කියල. මා සතුව තියෙනවා ඒ නම, අපේ සභාපතිතුමා විසින්|
0583|හැමෝගෙම පපුව ගැහෙන වෙලාවක්.|
0584|රුපියල් දහසක් අරන් ඇවිල්ලා ලක්ෂ පහක් ගෙදර අරන් යන හරි ලස්සන වෙලාවක් මේක. අපි හැමෝම හරි ආසාවෙන් සහභාගි වෙන දෙයක්. නේද?|
0585|අද අපේ වාර්ෂික සැණකෙළියේ|
0590|අනේ එනවා. “එන්න, ඔබතුමිය අපිට අවුරුදු ගානක් මේ ආයතනයේ ලොකු සේවයක්|
0591|හැමෝම රස ගන්වපු නේද, හැමෝම අපි බලාපොරොත්තුවෙන් ඉන්නේ ඒ තේ එක.|
0595|රුපියල් පනස් දහසක තෑග්ගක් දෙන්න මම තීරණය කරලා තියෙනවා.|
0596|අපි තව නමක් තෝර ගමු නේද?|
0599|ඔව්. මම කියන්නම් ඒ නම” කියලා එයා නැවතුණා.|
0601|දෙවන ත්යාගය දිනා ගන්නෙත් ඒ අම්මමයි.|
0602|මොකක් හරි අවුලක් තියෙනවා. එක්කෙනෙකුට එක නමයි නේ|
0604|මුළු කොම්පැනියෙම මිනිස්සු ඒ අම්මගේ නම තමයි|
0605|තමන්ගේ නම වෙනුවට. හැම මනුස්සයම ඒ අම්මගෙ නම ලියලා.|
0606|පෙට්ටියට දාලා. එයාට තෑග්ග දෙන්න ඕන. එයාට තෑග්ග දෙන්න ඕන, එක හඬින්, එක හිතින්, එක සිතුවිල්ලට හිතනවා.|
0613|මොනවද, ඒ ප්රශ්නවලට ඒ ගොල්ලෝ දැනට හොයාගෙන තිබෙන උත්තර මොනවද, අභියෝග මොනවද-|
0620|සතියක් වැඩ කරන්න තමයි හිටියේ. දවස් දෙකයි හිටියේ හැබැයි|
0623|එච්චරයි. එහා පැත්තේ පොරක් සුද්ධ සිංහලෙන්|
0625|කොම්පැණියේ හත්මුතු පරම්පරාවම අමතනවා|
0628|ඒක හදලා ආයේ අරගෙන ගිහිල්ලා දෙවැනි වතාවටත් මොකක් හරි වෙලා.|
0629|එහෙම වෙන්න පුළුවන් නේ|
0630|නමුත් දැන් ජාතිය සහ ජාත්යන්තරේම|
0632|කියනවා, මහත්මයා කේන්ති ගන්න එපා. මට ප්රශ්නෙ සරලව කියන්න|
0633|මම තෝමස්. මම තමයි මේ ආයතනයේ ප්රධානියා. මම තමයි සී ඊ ඕ. එහෙම කියපු ගමන්, ආ..ආ.. මිස්ටර් තෝමස්|
0634|ඒකයි මම බැලුවේ මොකක්ද කරගන්න|
0635|දැන් බලන්න සද්දෙ වෙනස|
0638|ඔය දැන් අර ඇමති හම්බ වුණොත් දෙන්නේ උඩ යන්|
0639|දන්නෙම නැතුව පුටුව|
0640|ඉණෙන් සහ උරහිසෙන් පොඩ්ඩක්|
0641|වෙනවා හරිද ඔය ඔය කියන හුඟක් අය|
0642|නමුත් ඔය කියන හුඟක් අය එහෙම රැල්ලක් ආපුවාම පොඩි ගැස්මක්|
0644|මම දවසක් මම දන්න ගෑණු ළමයෙකුගෙන් මම ඇහුවා|
0645|මම එයාගෙන් දවසක් ඇහුවා ඔයාට හදිසියේ එළිසබත් රැජිණ හම්බ වුණොත්|
0646|ඔයා කොහොමද එයාට කථා කරන්නේ? එයා කියනවා, මම සාමාන්යයෙන් මනුස්සයෙකුට බොහොම කරුණාවෙන් කතා කරන කෙනෙක්.|
0647|මට හරි සතුටක් ඇති වුණා, එයාගේ තියෙන ඍජු ප්රතිපත්තිය|
0650|ලෝකයම පාවිච්චි කළේ. ඇපල් සමාගමේ|
0651|ඊට වඩා වැඩි විස්තරයක් එයා ගැන අවශ්ය නැහැ. එයා කොහොමද ඇපල් සමාගම ආරම්භ කළේ?|
0657|මම ස්ටීව් ජොබ්ස්ගේ සල්ලි ගැන චුට්ටක් කථා කරන්නම්. හූල්ලන්න එපා.|
0659|අවුරුදු විසි තුනේදි එයාගේ වත්කම් පිළිබඳව පොඩි සමීක්ෂණයක් කරනවා.|
0665|අවුරුදු පනස් හයේදි, දෙදාස් එකොලහේදි එයා මියයනකොට වත්කම් ගණනය කරලා තිබුණා,|
0667|බිලියනයක් කියලා කියන්නේ මිලියන දාහකට|
0668|මිලියනවලින් කියනවා නම් මිලියන දාහ වැඩි කිරීම දහයයි දශම දෙක කියන ඇමෙරිකානු ඩොලර් ප්රමාණය තිබුණේ.|
0669|ඒක අපේ රටේ සල්ලිවලින් ගන්නවා නම්|
0673|කොහොම වුණත් මගේ රස්සාවේ තියෙන සමහර කාරණා ඇරුණාම අනෙක් දේවල් පිළිබඳව ජීවිතයේ මම දැන් ඉන්නේ ඒ තරම් සංතෝෂයකින් නොවෙයි.|
0675|සල්ලි කියන්නෙත් මං ගාව තියෙන සමහර දේවල්වලින් එකක් විතරයි|
0676|අද මට අසනීප ඇඳේ ඉන්නකොට හිතෙනවා. මට ජීවිත කාලය පුරාම හම්බවුණු පිළිගැනීම|
0677|සල්ලි ඒවා මරණය ඉස්සරහා අසරණ වෙලා තියෙන හැටි අද මට පෙනෙනවා.|
0678|ඒ එකක්වත් ඉස්සරහා පසුබහින්න මරණය ලැහැස්ති නැහැ. මරණය මට අඩගහනවා.|
0679|දැන් මගේ ප්රසිද්ධියට හෝ සල්ලිවලට, කීර්තියට, ධනයට කරන්න පුළුවන්කමක් නැති බව මට තේරෙනවා.|
0681|ගෙදර වැඩ ටික බලන්න කෙනෙක්ව අරගන්න පුළුවන්, එයාට භාර දෙන්න පුළුවන්. නමුත්,|
0682|ලෙඩක් - දුකක් හැදුණාම ඔබට දැනෙන වේදනාව භාර ගන්න කෙනෙක් ඔබට කීයක්වත් වියදම් කරලා|
0684|ඒකට කියන්නේ ජීවිතය කියලා.|
0685|මාව ශල්යකර්මය සඳහා ශල්යාගාරයට ගෙනියනකොට මට එක දෙයක් මතක් වුණා.|
0686|මම පොත් හුඟක් කියවපු මනුස්සයෙක්. මම ජීවිතයේ එක පොතක් කියවන්න අමතක වුණා කියලා මට එදා තේරුණා.|
0687|ඒ තමයි නිරෝගීමත් ජීවිතයක් ගෙවන ක්රමය කියන පොත.|
0689|ඒ නිසා එයා කියනවා, නොපමාව ජීවිතයට ප්රේම කරන්න.|
0690|ඔබට වැඩියෙන් ආදරය කරන කෙනාට ප්රේම කරන්න. යහළුවන්ට ප්රේම කරන්න.|
0691|වයසත් එක්ක අපට තේරෙනවා. වයස යන්න පටන් ගත්තාට පස්සේ|
0692|ඩොලර් තුන් දාහක ඔරලෝසුවකින් බලන වෙලාවත්,|
0693|ඩොලර් තිහක ඔරලෝසුවකින් බලන වෙලාවත් දෙකම එකයි කියලා ඔබට වයස යනකොට තේරෙයි|
0694|ඔබට බැරි වෙනකොට තේරෙයි. බැරි කාලයකදී පර්ස් එකේ ඩොලර් තුන් දාහක් තිබුණත්, ඩොලර් තිහක් තිබුණත්|
0695|ඒ දෙකෙන්ම වැඩක් නැහැ කියලා ඔබට තේරෙයි.|
0696|ඔබ පාවිච්චි කරන වාහනය ඩොලර් මිලියන දහයක් වුණත්, ඩොලර් දාහක් වුණත්|
0697|ඔබ යන්නේ එකම ගමනාන්තය කියලා ඔබට මම ඉන්න තත්ත්වයට ආවට පස්සේ තේරෙයි.|
0699|මම හැමදාම කියන එකත් එයා කියලා තිබෙනවා.|
0700|ඖෂධ ඔබේ ආහාර ලෙස හිතා ගෙන අනුභව කරන්න එපා.|
0701|එහෙම වෙන්නේ ඔබ කන කෑම|
0702|හිතලා කන්න. නැත්නම් කවදා හෝ දවසක ඔබට ඖෂධ කෑම කියලා|
0706|අපි දැන් බලමු හිතවතුනි, ඔබෙත් මගෙත් .|
0708|අපි වියදම් කරලා තියෙනවා කියලා රුපියල් කෝටි එකසිය විසි එකක්.|
0709|නෝනාවරුනි, මහත්වරුනි, අපි දවසකට රුපියල් කෝටි පනස් එකක අරක්කු බීලා.|
0710|රුපියල් කෝටි දහඅටක බියර් බීලා, රුපියල් කෝටි පනස් දෙකක දවසකට සිගරැට් බොන|
0712|බිලියනවලින් නම් එකසිය හැටපහයි දශම දෙකයි|
0713|බීලා බීලා මැරෙන්න ගිය වුන්ගේ සෞඛ්ය ගොඩ දාන්න ආණ්ඩුවට වියදම් වෙලා තිබෙනවා රුපියල් කෝටි විසිතුන්දාස් හත්සීයක්.|
0714|හම්බ කළේ කීයද?|
0715|අරක්කුම බීලා මැරෙනවාලු අවුරුද්දකට පහළොස් දාහක්. සිගරැට් බීලා බීලා මැරෙනවාලු විසිදාහක්. මෙහෙමයි ඉතින්, අරක්කු සිගරැට් නොබිව්වත්.|
0718|වැඩි කරපු එකෙන් සිගරැට් කූරු මිලියන පන්සිය විසිඑකයි දශම පහක් ඉතුරු වුණා|
0720|මම ඔයාගෙන් ඒ ප්රශ්නය අහලා, මෙතැන මේ වැළලෙන්නේ නැහැ,|
0721|ශ්රී ලංකාවේ පවතින ඕනෑම රජයක් ඒ ගොල්ලන්ගේ බදු ආදායමෙන් සියයට දාහතයි දශම තුනක්|
0722|ඒ ගොල්ලන්ගේ තුන්වැනි ලොකුම ආදායම|
0725|අරක්කු, සිගරැට් කියන්නේ ඔය ගොල්ලන්ගේ පැත්තෙන් බලන කොට, අම්මෝ හෙන ගහන අපරාධයක් වාගේ කියලා කිව්වාට|
0728|මම හිතන්නේ, ඒක ගැන අපි නිකන් කථා කරන්න වද වෙලා වැඩක් නැහැ.|
0730|රටක සංවර්ධනයට යොදා ගත හැකියි කියන අදහස තාම යල් පැන ගිය මහා නිකන් මෝඩ අදහසක් වාගේ|
0731|සුරා බදුවලින් රටක් සංවර්ධනය කරන්න පුළුවන් කියන කථාව බයිලා, ඒක කෙරෙන වැඩක් නොවෙයි කියලා. ඒ වුණාට මහත්වරුනි, ඔබ මෙන්න මේක|
0732|මේක පොඩ්ඩක් හොයලා බලන්න. අපේ වාගේ හය ගුණයක් ලොකු ආර්ථිකයක් තිබෙන ඕස්ට්රේලියාව කියනවා, අපේ රටේ වර්තමාන සුරාබදු ආදායම|
0733|ඕස්ට්රේලියානු ඩොලර් බිලියන දහයයි දශම හතයි. ඒක තව අවුරුදු හතරකින් දෙදහස් විසි අටෙ වගේ වෙන කොට ඔස්ට්රේලියන් ඩොලර් බිලියන|
0734|අපේ වාගේ පහයි දශම පස් ගුණයක ආර්ථියක්තියෙන සිංගප්පූරුව, ඒ වාගේම අපේ රටේ වාගේ තුන් ගුණයක් ලොකු ආර්ථිකයක් තියෙන|
0739|බංගලාදේශය, පාකිස්තානය. මුස්ලිම් අයට අඩිපුඩි ගහන්ඩ බෑ. අනෙක් අයට පුළුවන්. ඔය රටවල්වලට නේ ඕක|
0741|හැබැයි, බොන්ඩ එපා කියන්නේ නැහැ. එපා කිව්වොත්,|
0742|ලෝකයේ කිසිම රටක් නැහැ මැතිතුමා, අරක්කු, සිගරැට් කියන දෙකම නතර කරපු|
0744|ලෝකයේ කිසිම රටක් නැහැ කියනවා, සිගරැට් තහනම් කරපු. නීති තද කරපු රවටල් විතරයි|
0746|මොකක්ද මේ හැම තැනම බලපුවාම මොකක්ද මේ නොකියා කියවෙන කථාව කියන්නකෝ. මල්ලි මෙහෙමයි. මේක නවත්වලා බෑ|
0747|ඉතින් මේ සිගරැට්, අරක්කු නවත්වන්ඩ ඕනෑ කියලා කවුරු හරි හිතනවා නම්, ඒ අදහසම කිසිම තේරුමක් නැති|
0748|පිටු දෙකේ ලියුම මම කියවලා, කියවලා බලනවා, මේ ලියුමේ කිසිම තැනක නෑ “වහාම අරක්කු, සිගරැට් තහනම් කරපිය” කියලා. එහෙම එකක් නැහැ|
0750|ගෙනහැල්ලා පෙන්නන්ඩ. මං ගාව තියෙන ලියුමේ නම් එහෙම එකක් නැහැ. ඒ කියන්නේ මට හිතෙනවා ඒවා ඒ ගොල්ලන්ටත් තේරෙනවා. ඒකනේ නැත්නම් ලියුමේ ලියලා නෑ කොහේවත්|
0753|අරක්කු සිගරැට් භාවිතය අඩු කරන්ඩ අපි වැඩ කරනවා.|
0754|මිනිස්සු වැරදි කරන එක ගැන කිසිම සමාවක් නැතුව ඔහේ ම|
0757|පෝස්ටරෙන් කාරියක්ද කියන්නකෝ. ඉතින් මම යෝජනා කරන්නම්, මගේ ඔළුවේ තිබෙන එක|
0760|රට බීම බෝතලයක් වාගේ එකක සද්දයක් කොහෙන් හරි ආරංචියක් ඇහුණා|
0762|ඔය මැරෙන පහළොස් දාහෙන් බහුතරය එහෙම කුණුම කුණු වෙලා යන්ඩ බීපු සෙට් එක තමයි කියලා නිකන් අපට හිතා ගන්ඩ.|
0763|ඇත්තටම ගානට බීලා නොමැරී ඉන්න මිලියන් ගණන්|
0766|හොයලා බලන්න. පැයකට මිලිලීටර තිහක් බීපන්, ඒක|
0767|අක්මාව විසින් කියලා තිබෙනවා. එතකොට මේක සමාජගත කර ගන්ඩ පුළුවන් නම් හරියට, “තිහක් ඔබේ ශරීරය විනාශ”|
0773|පුරුද්දක් මේ මිනිස්සු බොනවා කියන එක. ඉතින් ඒ යකා හොර පාරෙන් එන ඒවා හරි|
0777|එයා කියනවා, ෆුල් ඇන්ඩ් කම්ප්ලීට් සීස් ෆය.|
0778|ඔයාට මතක නම් මේ සිද්ධිය, මතක් කරන්න බලන්න.|
0779|අපිට යන්න වෙනවා දෙදාස් විසිතුනේ ඔක්තෝබර් මාසේ හත්වැනි දාට ම යන්න වෙනවා.|
0780|හමාස්ලා එනවා. වෙඩි තියලා එක්දාස් දෙසීයක් එතැන මරණවා,|
0781|දෙසීය පනස් එකක් ගාසාවලට අරන් යනවා, ප්රාණ|
0782|මේකට ප්රතිරෝධය දැක්වීමක් වශයෙන් තමයි ඊශ්රායලය යුද්ධය ප්රකාශ කරන්නේ.|
0784|ඇත්තටම ඊශ්රාලය, වාර්තා වෙලා තියෙන විධියට, පලස්තීනයේ කී දෙනෙක් මැරුවාද?|
0785|ඉලක්කමක් හැටියට වාර්තා වෙලා අන්තිමට නතර වුණේ|
0786|හතලිස් හයදාහෙන්. ඒක දහ ගුණයකට වඩා නම්|
0790|ඒකත් ඉතින් රෑ පානේ යන්න ඕනී,|
0792|පැය විසිහතරක් ඇතුළත පහළොස් වතාවක්|
0796|අද වෙනතුරු අඩුම තරමේ එක මිනිහෙක් හරි ඕකේ ඉන්නවා.|
0797|සාමාන්යයෙන් මේක ඇතුළේ හත්දෙනෙකුට විතර ඉන්න පුළුවන් කියලයි කියන්නේ. අපි ගණන් මිණුම් කථා කරනකොට අපට තේරෙන භාෂාවෙන් කථා කරන්න එපැයි.|
0799|ගෙදරක සයිස් ඉඩක් තියෙන එකක්. වතුර ගෙනියනවා ඇත්තේ කොහොමද?|
0800|වතුර ගෙනියනවා පොළොවේ ඉඳලා.|
0803|ඊට අමතරව මේක පොඩ්ඩක් අමාරුයි. ඒකේ ඇත්ළේ ඉන්න මිනිස්සුන්ගේ මුත්රා|
0806|වතුර ලීටරයක් ලංකාවේ සල්ලිවලින් රුපියල් ලක්ෂ හයක්|
0807|අභ්යවකාශ තරණයට අපට තිබෙන ලොකුම බාධාව වතුර. වතුර|
0813|රුපියල් කෝටි දහයක් යනවා. මේ දවස්වල අභ්යවකාශ තාක්ෂණය ගැන|
0814|උනන්දුවක් දක්වන හුඟාක් අය කථා කරන නමක් තියනවා.|
0815|එයාටත් ඔය වියදමම ගියා.|
0820|ආපහු එන ගමන සම්පූර්ණයෙන්ම තීරණය වෙන්නේ|
0821|ඒ ජෙට් එකක් නෑර වැඩ කරන්න ඕනි. ඒවා|
0824|ඔයා දන්නවාද අපේ වායුගෝලයට ඇතුළ් වෙන අතිෂය තීරණාත්මකයි. මේ වායුගෝලයට පිට ස්ථරය වැඩ කරනවා නිකම් බැලුමක් වාගේ.|
0826|වැරදි කෝණයෙන් මේ යානාව ආපසු ආවොත් අන්න ඒ විධියට වතුර උඩට ගලක් ගැහුවා වාගේ මේ යානාව විසි වෙලා යනවා|
0827|ඈත අභ්යවකාශයට. අපි දන්නැ|
0828|ඊළඟට වේගය ඕනෑවට වඩා වැඩියෙන් අපේ වායු ගෝලයට ඇතුළ් වුණොත්|
0830|මෙන්න මේ ප්රශ්න ටික තියනවා.|
0835|ආසාදනයට ලක් වෙච්ච|
0839|මේකේ සෑහෙන බරසාර මරණ සංඛ්යාවක් තියෙනවා.|
0842|මේ බැක්ටීරියාවකින් එන එකක්. මේ බැක්ටීරියාව අපට අලුත්ද කියලා මම හොයලා|
0844|මෙයා උගුරේ සහ හම මතුපිටයි ඉන්නේ|
0845|පටකවලයි, අපේ ලේවලයි කවදාවත් මේ බැක්ටීරියා එක අපිට හම්බුණේ නෑ. නමුත් දැන් මෙයා පටකවලටයි, ලේවලටයි යනවා.|
0846|ලාදුරු ආපු කාලේ තිබුණා අදහසක් මේ අතපය ගැලවිලා පුරුක්වලින් හැලෙනවයි කියලා. දැන් කියනවා මේ රෝගයේ|
0847|මේ බැක්ටීරියා ආසාදනය පටකවලට සහ ලේවලට කලවම් උනොත්|
0848|මේ බැක්ටීරියාව අතක් පයක් වුණත් එහෙම නැති වෙන්න පුළුවන් කියලා. මේක අපේ හම, අපේ මස් කාගෙන ජීවත් වෙන බැක්ටීරියා එකක්.|
0849|කිසිම කරදරයක් නැතිව හිටියා. මේක මස් දිය කරවන|
0852|මේ ගොල්ලෝ මොකටද අපේ ශරීරයේ ඉන්නේ කියලා|
0853|මේ ගොල්ලෝ උදව් වෙනවලු අපේ ආහාර දිරවන්න|
0854|අපේ ශරීරයට පිටින් ඇතුල් වෙන පිට ගංකාරයෝ|
0855|ඉතිං මං බැලුවා මේ වාගේ මේ වගේ සත්තු ඉතින් ටිකක් ඇති|
0856|මම බැලුවා කොච්චරක් ඉන්නවාද කියලා. සාමාන්යයෙන් නිකම් ට්රිලියන පනහක්|
0857|මිනිස්සුන්ගේ ඇගේ සෛල කොච්චර තිබෙනවද ඔබ දන්න විධියට?|
0858|බිලියන? මිනිස්සුන්ගේ ඇගේ සෛලත් නිකම් ට්රිලියන පනහක් විතර තියෙනවා|
0859|මේ කියන්නේ මොකක්ද? අපේ ඇගේ තියෙන හැම සෛලෙකටම එකා ගානේ ඉන්නවා|
0861|අපිත් එක්ක මේ දන්න කාලේ ඉඳලා උගුරේ හමේ හිටපු පොරක්ම තමයි මේ දැන් හෙන කචල් එකක් දාලා තියෙන්නේ|
0863|ලොකූ අභ්යාවකාශ යානාවලින් අමූතු හැඩ තියෙන සද්ධන්ත ජීවියෝ නිකම් වැල් වැල් වගේ නහයෙන්|
0866|පිටසක්වළ ජීවියන්ට අපිව අලුතෙන් අල්ලන්න දෙයක් නෑ.|
0869|අපි ඉන්නවා පිටසක්වළ යානා අරං ජීවියෝ තුවක්කු එහෙම අරං|
0870|ඩොක්ටර් රවීන්ද්ර උඩුගමගේ, එයා ටක් ගාලා කථා කරලා මට මේ ගැන පොඩි අදහසක්|
0872|නියපොත්තෙන් කඩන්න පුළුවන් එකට අපි පොරව අරං|
0873|මතක තියා ගන්න මේක හරී වටිනවා ඔබ දොස්තර කෙනෙක් නෙවෙයි නම්|
0876|එහෙම තමයි අපේ අනේ හමේ පාඩුවේ හටපු උගුරේ පාඩුවේ හිටපු ඔය බැක්ටීරියා එකක් තමයි විකෘතිවෙලා|
0879|තාම මේක ලෝක ව්යාප්ත වෙන මට්ටමට ඇවිල්ලා නෑ. නමුත් මේක මරණ අනුපාතිකය පිළිබඳව|
0883|එකක් අපිව ජීවත් වෙන්න ක්රියාත්මක කරන එක.|
0884|ලෝකෙ තියෙන රසවත්ම දේ ගැන අපි කථා කරන්න යන්නේ. මේක|
0885|මෙහේ කථාවක් නෙවෙයි. පාකිස්ථානු ජන කථාවක්|
0886|රෑට වෙස් වලාගෙන මිනිස්සුන්ගේ සුවදුක් අහන්න යන ක්රමවේදයක්. ඉතින් කොහොම හරි|
0887|ප්රාන්තේ හිටපු රජතුමාගේ පුරුද්දක් තමයි හිටි ගමන් රෑට|
0888|එයා පිට්ටනියක් ගාවින් යද්දී එයාට ඇහෙනවා ළමයි කිහිපදෙනෙක් කථා කර කර ඉන්නවා.|
0889|ගෑණු ළමයි කිහිප දෙනෙක්. මේ ගෑණු ළමයි තුන්දෙනාගේ කථාව මොකක්ද දන්නවාද? මොකක්ද ලෝකෙ තිබෙන රසවත්ම දේ.|
0890|ලෝකෙ තිබෙන රසවත්ම දේ මස්. තව ගෑණු ළමයෙක් කියනවා, නෑ ලෝකයේ තිබෙන රසවත්ම දේ වයින්.|
0891|තවත් ගෑණු ළමයෙක් කියනවා, ලෝකයේ තිබෙන රසවත්ම දේ මස්වත්, වයින්වත් නෙමෙයි,|
0893|නමුත් රජතුමාට නින්ද යන්නෑ මේ කථාවේ|
0894|මැද හරියේ දිග කථාවක් තියෙන්නේ. ඒක කොට කරලා ගත්තොත්|
0895|රජතුමා තමන්ගේ බලය පාවිච්චි කරලා මේ ගෑණු ළමයි තුන්දෙනාව මාළිගාවට ගෙන්නනවා පවුලේ උදවියත් එක්ක.|
0896|මුළදි ඉතින් පවුලේ උදවිය බය වෙනවා.|
0897|දැන් හිතන්ඩකෝ ඔයාට හැටිහැටියේ ජනාධිපතිතුමා එන්ඩ කියනවා.|
0898|ඉතින් අර පළවෙනි දරුවාගෙන් අහනවා, පුතා මට ඇහුණා ඔයා කියනවා ලෝකෙ තිබෙන රසවත්ම දේ මස් කියලා.|
0899|ඇයි ඒ? රජතුමා මම ඒක තීරණය කරේ විශේෂ හේතු ගොඩක් උඩ. ඉස්සෙල්ලම කියන්න බලන්න|
0900|තමුන් කවුද කියලා දරුවා. රජතුමනි, මම හාබ්බ්රා වංශයේ දරුවෙක්. හාබ්බ්රා වංශයේ අය මස්, මාලු කන්නෑ.|
0901|ඉතින් ඔයා කොහොමද දන්නේ මස් තමයි රස කියලා. මගේ කුතුහලය තවත් ඉහළ යනවා. රජතුමනි,|
0902|නමුත් මං නිරීක්ෂණය කරපු දේවල් තියෙනවා. මොනවාද දරුවා? අපේ ගේ කිට්ටුවම තියෙනවා මස් කඩයක්.|
0904|මේ මස් කියන්නේ බොහොම රසවත් දෙයක් වෙන්ට ඕනි කියලා. අනිත් එක රජතුමනි, මිනිස්සු මස් කාලා විසි කරන|
0905|කටු. ඒවා බල්ලෝ අරගෙන දුවනවා. එතන පොඩ්ඩක් හරි බිම වැටිලා ඉතුරු වුණොත් ඒවා කූඹි අරන් දුවනවා.|
0906|නැත්නම් කපුටෝ අරන් යනවා. අන්න ඒ නිසා රජතුමනි, මම හිතුවා|
0907|ලෝකෙ තිබෙන රසවත්ම දේ මස් වෙන්ඩ ඕනේ කියලා. ම්.. බොහොම සාධාරණයි.|
0908|ළමයා, මට ඇහුණා ඔයා කියනවා ලෝකෙ රසවත්ම දේ වයින් කියලා. ඔබ කවුද?|
0910|පවුලක දියණියක් විධියට ඔබ වයින් ලෝකෙ රසවත්ම දේ කියලා දැන ගත්තේ කොහොමද?|
0911|ඒක ඇත්ත රජතුමනි, මම කවදාවත් වයින් බීලා නැහැ.|
0912|අපේ ගෙවල් කිට්ටුව වයින් සැල් කිහිපයක්ම තියෙනවා. වයින් විකුණන ආයතන.|
0913|එතන්ට එනවා හොඳට ඇඳ පැළද ගත්ත මහත්තුරු. එතන ඉදගෙන සතුටු වෙවී, හිනා වෙවී වයින් බොනවා.|
0914|ටික වෙලාවකට පස්සේ ඒගොල්ලෝ නැඟිටිනවා. නැඟිට ගන්න බැහැ.|
0915|ඊටපස්සේ ඒක වහන වෙලාවට නැඟිටිනවා. නැඟිට ගන්න බැහැ.|
0916|වයින් සැලේ හිමිකාරයෝ|
0917|වැනි වැනී යනවා, වැටි වැටී යනවා,|
0918|දණ ගගා යනවා, බැනුම් අහ අහා යනවා.|
0919|බිත්තිවල හැපි හැපී, කාණුවල වැටි වැටී යනවා.|
0920|මම හිතනවා ආයෙනම් මේ මිනිස්සු කවදාවත් මේ වයින් බොන්න නම් එන එකක් නැහැ මෙහෙම දුක්|
0921|මේ යන හැටියට වයින් තමයි ලෝකෙ රසවත්|
0922|අන්තිම එක්කෙනා ගෙන්නුවා. පුතා, මට ඇහුණා ඔයා කියනවා ලෝකෙ රසවත්ම දේ බොරු කියන එක|
0924|රජතුමනි, ඔබතුමාට පුළුවන්ද මට කහවණු ලක්ෂ දෙකක් දෙන්න. පුළුවන්. මොකක්ද උඹ කරන්න යන්නේ කහවණු ලක්ෂ දෙකක් අරන්.|
0925|මම ඔබවහන්සේට ඔප්පු කරනවා බොරු කියන එක රසවත් කියලා. මට මාසයක් දෙන්න. කහවණු ලක්ෂ දෙකක් දෙන්න.|
0926|හොඳයි. කහවණු ලක්ෂ දෙකක් ගන්න. මාසයක් දෙනවා ඔප්පු කරලා පෙන්වන්න.|
0927|මාසෙකට පස්සේ රජතුමාට මතක් වෙලා ළමයාව ගෙන්නලා ඇහුවා මොකද දැන් වැඩේ. ඔක්කොම ලෑස්තියි ඔබතුමාට එන්නයි තිබෙන්නේ.|
0928|කොහේටද අපි එන්න ඕනේ. කැළෑවට එන්න ඕනේ. කැළෑවේ තියෙන ලස්සම තැන. මම ලස්සන කුටියක්.|
0929|සේද රෙදි අතුරලා. පළිඟු ඔබ්බවලා. රන් ලියකම්, කැටයම් වැඩ දාලා. ලස්සන කුටියක් හැදුවා.|
0930|හොඳයි. ඔබවහන්සේ එතනට එන්න ඕනේ. ඔබවහන්සේගේ හොඳම හිතවත්තු දෙන්නත් එක්ක. ඔබවහන්සේලාට|
0931|මම දෙවියන්ව ජීවිතේ එකම එක වතාවක් මුණ ගස්සන්න ලෑස්ති කරනවා. ඔබ වහන්නේ එන්න ඕන තව දෙන්නෙක්වත් එක්ක.|
0932|රජතුමා කියපු දවසට ආවා ඈ. දැන් අපි යන්ඩද ඇතුළට. රජතුමනි, සමාවෙන්න,|
0933|හැමෝටම එකට යන්න බැහැ. වතාවකට එක්කෙනාටයි යන්න පුළුවන්. ගිහිල්ලා දෙවියෝ දැකලා|
0934|මේ දොරෙන් ඇතුළ් වෙලා අර දොරෙන් එළියට එන්න. ඉතින් ඔන්න දැන් කවුද ඉස්සෙල්ලාම යන්නේ. රජතුමා තීරණය කළා|
0937|මොකක්ද ඒ? පිරිසිදු වංශයක් තියෙන්න ඕනේ. සුජාතභාවයක් තියෙන්න ඕනේ. ඒ කියන්නේ|
0938|රජනම් රජ. ගොවි නම් ගොවි. ශුද්ර නම් ශුද්ර. එහෙම යන්නේ.|
0939|මැදින් එහෙන් මෙහෙන් කලවම් වෙලා නම් පේන්නෑ|
0940|පුරෝහිත ගිහින් ආවානම්.|
0941|යනකොට ඇත්තටම පුදුම ලස්සනට ඒ ඒ|
0942|එක තැනක තියෙනවා අමුතු සිංහාසනයක් වගේ එකක් හදවලා.|
0943|එකටම හිතුණා මෙතන තමයි|
0944|ඉතින් දැන් මෙයා බලනවා. මල හත්තිලව්වයි.|
0946|දැන් මිනිහා කල්පනා කරනවා මම දෙවියෝ දැක්කේ නැත්නම් මගේ පරම්පරාවේ මොනවා හරි ප්රශ්නයක් තියෙනවද|
0947|ඔය කියන මහ ලොකු පෙළපත මට නැද්ද දන්නෙ නෑ.|
0948|මේක දැන් රජතුමා දැන ගත්තොත් රස්සාවත් නැති වෙනවා.|
0949|ඒවාත් හිතාගෙන මිනිහා එළියට ගියා. ගිය ගමන් ඉතින් රජතුමා නේ පයින්නේ.|
0950|දැක්කා. මට ඇස් දෙක අදහා ගන්න බැහැ. ඔබතුමාට- නෑ.. මට දැන ගන්න ඕන්නෑ. මට බලන්න ඕනේ.|
0951|පිස්සු හැදුනා ඇතුළට ගියාම. බැලුවා බැලුවා දෙවියෝ නෑ.|
0952|මගේ වංශෙත් අවුලක් තියෙනවා. ගියා එළියට.|
0953|කථා කරන්ඩවත් මට දෙයක් ආවේ නැහැ|
0956|පුරෝහිත, විශ්වාස කරන්ඩ බැහැ. මං|
0957|ඔබ තුමන්ලා|
0958|ඔතන දෙවි කෙනෙක් පේන්ඩ විධියක් නැහැ. ඔය තරම් මේ පූජනීය තැනක් නෙමෙයි මේක. නිකන් ඔය බිල්ඩිම ගහලා තියෙන්නේ නිකන් ඔය.|
0959|එහෙම පේන්ඩ හැටියක් නැහැ. වංශේ තිබුණා නැතෑ පේන් නෑ. වංසේ කොච්චර හොද වුණත්|
0960|රජතුමනි, පන්වාන්දහසකට බුදු වෙන්ඩ,|
0962|ඒ කෙල්ලටත් තෑගි බෝග දීලා අරහේ මෙහේ කරලා යැව්වා.|
0964|මොකක්ද ඔබ වැඩියෙන්ම|
0965|ඔයාට විස්වාසයි, මේක පැතලි නෙමෙයි|
0969|දැන් ඔයාට ගෝලාකාරයි කියන එක ඔළුවට ගිහිල්ලා තියෙන නිසා ඔයාට ඉතින්|
0970|මම දැං ඔයාගෙන් ඇහුවොත් එහෙම.|
0971|ඇයි ඔයා ගෝලාකාරයි කියලා හිතන්නේ?|
0972|කාගෙන්ද ඒක අහලා තියෙන්නේ?|
0974|පොත්පත් කවුද ලියන්න ඇත්තේ?|
0976|සහ පොතක දැකපු|
0977|ඒවාත් පින්තූර නේ?|
0981|මං එයාගෙන් එක තැනක අහනවා|
0982|පෘථිවිය රවුං බව දැනෙන්න සාමාන්යයෙන් කොච්චර විතර උඩට යන්න ඕනද කියලා.|
0984|එවරස්ට් කඳු මුදුනෙදි මේ පෘථියේ තියෙන|
0985|පෘථිවියේ වක්ර බව ක්ෂිතිජයෙන් පේනවා|
0987|අඩුම තරමේ කිලෝමීටර් පහළොවක්වත්|
0988|සෑහෙන්න ලොකු ගානක්.|
0991|අපි බලමු නිකම් මේ පොළාව, අභ්යාවකාශය මේ මොනවද කියලා.|
0992|පොළවේ ඉඳලා උඩට යනකොට අපිට වායුගෝලය|
0993|අපි ඔය දන්න කියන වායුගෝලය පොළවේ මුහුදු මට්ටමේ ඉ ඳලා කිලෝමීටර් සීයක්|
0994|පොළාව මට්ටමේ මුහුදු මට්ටමේ ඉඳලා සාමාන්යයෙන් කිලෝමීටර් සීයක් විතර ඉහළට යනකං තියෙනවා.|
0995|එතනින් එහාටත් ටිකක් තියෙනවා. නමුත්, මේකම නෙවෙයි.|
0996|එතනින් එහාට පොඩි හුස්ම ගැනීමේ අපහසුතාවල්, අරවා මේවා එනවා. මේ සංයුතිය හුඟාක් වෙනස් වෙනවා.|
0997|එන්න එන්න වායුගෝලය|
0999|වායුගෝලෙන් එහාට යනවා. අපි දන්නවා චන්ද්රිකා|
1000|කිලෝමීටර් එකසිය හැටත්,|
1001|කිලෝමීටර් දෙදාහත් කියන ඔය පරාසය ඇතුළත තමයි ඒවා ගුවන්ගත කරලා තියෙන්නේ. එතකොට, සාමාන්යයෙන් අපට හිතන්න පුළුවන්|
1002|පොඩි දුරක් යන්න වෙනවද ඔයා හිතන්නේ. කිලෝමීටර් දෙදාහක්.|
1005|මගේ තියෙන තොරතුරුවල හැටියට උපරිම පන්සීයක් හයසීයක්|
1006|එතකොට, මේ පෘථිවිය රවුං කියන එක|
1008|චිත්රවලින් නෙවෙයිද අපි දැන් මේක රවුං කියලා හිතන් ඉන්නේ. මං නිකං අහන්නේ.|
1009|මං කියන්න හදන්නේ අපි ගාව තියෙන මේ දැනුම|
1010|කවුද මේක දැන් දැකලා තියන්නේ යන්තමට හරි? ඔය කියන හයසීය තමයි. ඇස් දෙකෙන් දැකපු අය.|
1011|ඇස් දෙකෙන් දැකපු සාක්කිකාරයොනෙ නඩුවකදී හරි වැදගත් වෙන්නේ.|
1013|එතකොට මේ හයසීයක් කියපු එක තමයි බිලියන අටක්|
1014|මම හරි පොළාව තනි බෝලයක් විදියට දනින්න නම්|
1015|එයා කියනවා පොළාව සම්පූර්ණ බෝලයක් විධියට දකින්න නම් අඩුම තරමේ|
1016|පෘථිවියේ විශ්කම්භයට වඩා වැඩි දුරකට අපි|
1017|මේක මේ රවුං කියලා අපි බිලියන අටක්|
1019|ඔයා ඕක “ඔව්” කියන්න හරි “නෑ” කියන්න හරි ඔයා අර හයසීය|
1020|මෙහෙම ගිහිල්ලා ඇන්ටාක්ටිකා අරහෙ මෙහෙ පහු කළාට පස්සේ හෙන අයිස් තාප්පයක්ලු අහු වෙන්නේ.|
1021|එහෙම ගිය අය කවුරුහරි ඉන්නවාද? එහෙම කවුරුහරි ගිය අය ඉන්නවා නම් අපට කියන්න. ඇත්තටම මේක රවුංද|
1022|ඇත්තටම මේක පැතලිද? දැන් මාත් එක්ක මාව දන්න අඳුනන විද්යාඥයෝ ගොඩ ඉන්නවා.|
1023|ඉස්සර කාලේ තිබිච්ච සමහර ලිපිලේඛනවල ඇඳපු චිත්රවල පොළාව පැතලි හැඩයකට තමයි ඇඳලා තියෙන්නේ.|
1025|මං ඔබෙන් අහනවා. පොළොව රවුංද?|
1026|අපේ අදහස් මොනවද කියල හිතෙන ජාතියෙ ලිපි සමහර වෙලාවට දකින්න හම්බ වෙනවා.|
1029|දැන් මේ ලියුම පටන් ගන්න තැනදි හරි ලස්සන කථාවක්. මේක රටක්|
1031|ලංකාවෙ මිනිස්සුන්ව වෙන රටවල්වලින් පටලව ගන්නවා|
1033|ඒකට හේතුව, ශ්රී ලංකාව සහ ඉන්දියාව එක්ක සමාජීය සංස්කෘතික සමානකම් ගොඩක් තියෙනවා.|
1034|හැබැයි, ඉන්දියාව සහ ශ්රී ලංකාව අතර ඊට වඩා ගොඩක් ලොකු වෙනස්කම් තියෙනවා.|
1035|රටක් හැටියට ගමනක් යන්ඩනන් දීර්ඝකාලීන ඉලක්කවලට කැපවීමෙන් ඉවසීමෙන් වැඩ කරන්න ඕනි.|
1036|අපේ තියෙන්නෙ දීර්ඝ ඉලක්ක. ඔව්, ඔව් මං දන්නව හැත්තැගානක් තිස්සෙ කෑවා, මේක ලේවකෑවා, මේක පහුරු ගෑවා.|
1037|ඒකෙන් මොකුත් කරන්න බෑ දැන්.|
1038|ඉස්සරහට යන්ඩ එපැයි. ඉවසල දීර්ඝකාලීන අරමුණුවලට|
1039|වෙලාව අරන් යන රටක් හැටියට ලෝකයෙ අනික් සියලුම රටවල්වලට වඩා ඉන්දියාව ඉදිරියෙන් ඉන්නවා.|
1040|ඒක අපිට නෑ. අපිට තියෙන්නෙ බොහොම කෙටිකාලීන,|
1041|ළඟ, එවෙලෙ පත්තුවෙන,|
1044|ඉරේෂාන් සිරිවර්ධන මහත්මයාගෙ ලියුම, තරුණ මහත්මයෙක්.|
1045|මාලදිවයිනට අලුත් ජනාධිපති කෙනෙක් පත් වෙනව, එයාගෙ නම මොහොමඩ් මුවිස්.|
1046|මනුස්සය චීන හිතවාදියා. එයා ආපු ගමන් කරා එක වැඩක්. ඒ තමයි මාලදිවයිනේ හිටපු|
1049|මොකද මොහොමඩ් මුවිස් මාලදිවයිනෙ අලුත් ජනාධිපති මේ කථාව කිව්වෙ චීනෙ හොඳ හිත දිනා ගන්න.|
1050|මිනිහ චීනෙට බරයි. ඉන්දියාව කල්පනා කරා මොකක්ද මේකට අපිට කරන්ඩ පුළුවන්.|
1051|ඒක සුව වෙන තුවාලයක් නෙවෙයි. ඊට පස්සෙ මාලදිවයිනටත් මේ වගේම කනේ පාරක් ගහන්ඩ ඕනෙ කියලා|
1052|නරේන්ද්ර මෝදි රජය කල්පනා කළා. හැබැයි, ඔයා දන්නවා.|
1053|ඔය යුක්රේනෙ රුසියාව පටලැවුණට, ඔය ඊශ්රාලය පලස්තීනය පටලවා ගත්තට|
1060|මාලදිවයිනේ ආර්ථිකය සම්පූර්ණයෙන්ම තියෙන්නෙ සංචාරක කර්මාන්තය උඩ.|
1061|ගණන් හදල බැලුව අවුරුදුපතා ඉන්දියාවෙ සල්ලිකාරයො මිලියන ගණන් තමන්ගෙ ගමනාන්ත තෝර ගන්නෙ|
1063|කල්පනා කරල, කල්පනා කරල - කවුරු හරි උපදෙස් දෙන්නැති - අගමැති මෝදි|
1065|මේ මං කිව්ව කියල කියන්න එපා.|
1067|ඒක මං කිව්ව කියල කියන්න එපා. ඔයා කිව්ව කියල ඔන්නන්|
1068|ලක්ෂාද්වීප් නරේන්ද්ර මෝදි අගමැතිවරය ගිහිල්ල එයා අර මේ පොඩි|
1070|කොරල් බල බල යනව. ඒවැයෙ වීඩියෝ හැමතැනම යැව්වා.|
1073|මමත් මාර ජොලියක් ගත්ත තැනක්. පිස්සු හැදෙනව.” ඒවගෙ අදහසක් තමයි පණිවිඩේ තිබුණෙ එහෙම එකක්.|
1075|මේ සංචාරය කරන්න සල්ලි ටිකත් නිකන් වියදම් කරගෙන මාලදිවයිනේ යන්නෙ|
1081|මේව හම්බෙන්නෑ ස්වදීප්වලදී|
1084|ඒ පාර මාලදිවයිනේ අමාත්යවරුද, තරුණ කණ්ඩායම් එකතු වෙලා|
1086|හෑල්ලු, කරන්න සවුත්තු කරන්න, ගේම ඉල්ලන්න ඒ වගේ|
1087|ඔයා දන්නවද තමන්ගෙ රටේ අගමැතිවරයට කුඩු කේඩු කථා කියද්දි ඉස්ඉස්සෙල්ලාම පත්තු වුණේ කවුද කියලා.|
1088|එයාගෙ විරුද්ධ පක්ෂයෙ ඉන්න මන්ත්රීවරු.|
1089|තමන්ගෙ රටේ අගමැතිට තමන්ගෙ පක්ෂයෙ විපක්ෂයෙ කථා|
1090|අපේ රටේ අගමැතිට කථා හදන්න පද හදන්න මාලදිවයිනේ එවුන් කවුද?|
1091|මුලින්ම යුද්ධ ප්රකාශ කළේ විපක්ෂෙන්.|
1092|ඊට පස්සෙ නළු නිළියො, ක්රිකටර්ස්ලා,|
1093|ගායකයො, අධ්යක්ෂවරු|
1095|ඒකෙ එක කෑල්ලක් තමයි පහුගිය දවස්වල අපි දැක්කෙ ඉන්දියාවෙ විදේශ කටයුතු අමාත්යවරය මහ විශාල මීටිමක්|
1097|ලංකාවට යන්න. ගිහිල්ල ලංකාවෙ මිනිස්සුන්ගෙන් අහන්න ඒගොල්ලො ඉන්දියාව ගැන හිතන්නෙ මොකක්ද කියලා.|
1098|මාලදිවයින තමන්ට ගහපු කනේ පාරට ඉන්දියාව හරීම ලස්සනට ගේම ඉල්ලුවෙ|
1099|මේකෙ ප්රතිඵලයක් විධියට ගිය දෙසැම්බර් මාසෙ මාලදිවයිනට ගිය ඉන්දියන් ජාතිකයොන්ට වඩා|
1100|අපේ රටට ආපු ඉන්දියන් ජාතිකයො ගාන වැඩියි. මේ තමයි අර්බුදය කළමනාකරණය කර ගන්න හොඳම වෙලාව.|
1103|මේ වෙලාවෙ මාලදිවයින සහ ඉන්දියාව අතර අර්බුදයක් තියෙනවා, ඉන්දියාවෙ ආණ්ඩුවෙන්ම කියල තියෙනවා පලයන් ලංකාවට.|
1104|පිස්සු හැදෙන රටක්. මේක නෙමෙයිද වෙලාව|
1105|හැබැයි, කියන්න දුකයි මටනන් ආරංචි වෙලා නෑ, ඒක මේ ලියුමෙත් ඉරේෂාන් සිරිවර්ධන කියනවා|
1106|හරි හමන් සංචාරක ආකර්ශණ වැඩ සටහනක් අපි තාමත් ඉන්දියාවට කරල නැහැයි.|
1107|කියන කථා වැරදිනන් අපේ සංචාරක අමාත්යතුමාට පුළුවන් අපිට කථා කරල කියන්න|
1108|එක්දහස් නමසිය හැත්තැ ගණන්වල නියම වැඩක් වෙනවා.|
1110|උදව් උපකාර හම්බුවෙන්නෑ. වතුර ටික ගන්න, කෑම ටික ගන්න ගොඩාක් දේවල් වෙනවා. ඒ ටික කරගන්න බැරි වෙනවා. මේ වගේම අර්බුදයක්.|
1111|මෙතැන වර්ජනයක්. මේක දිහා බලන් ඉන්නව සිංගප්පූරුව. සිංගප්පූරුව දඩ බඩ ගාල තමන්ගෙ වරාය හදනවා.|
1113|ඒ ගිය නැව් ආයෙ ලංකාවට කවදක්වත් ආවෙ නෑ.|
1114|දැන් මොකද ලොක්ක අපි කරන්නෙ? විදේශ කටයුතුද, සංචාරකද, සංචාරක ප්රවර්ධනද,|
1117|මේක දෙදාස් දාසයේ හඳුන්වා දීපු එකක්. සෑහෙන කාලයක් ඉතින්. මේක ගිවිසුම් අත්සන් කරන වෙලාවට ඉන්දීය අග්රාමාත්ය නරේන්ද්ර මෝදී|
1119|සල්ලි අත පත ගාන්නැතුව ගෙවීම් කරන්න පුළුවන් කෙලින්ම.|
1125|මේ ගෙදර අමාරුවේ වැටෙන්නේ නැහැ. හොඳට මතක තියාගන්න පුතා, ඇත්ත කිව්වා කියලා කිසි කෙනෙකුට කිසිම කරදරයක් වෙන්නේ නැහැ මේ ගෙදර.|
1126|මෙතැනින් අපි අර ළමයා බොහොම විවෘතව කථා කරන එක, මොනවා හෝ දෙයකදී අවංකව ඉදිරිපත් වෙන එක|
1127|කාගේ අතින් ද කැඩුණේ? අපේ අම්මලා අහපු විධිය හරි නැහැ. අපේ අම්මලා අහනවා නේ, “ කවුද කැඩුවේ,|
1128|ඇත්ත කිව්වා කියලා මේ ගෙදර කවුරුවත් අමාරුවේ වැටෙන්නේ නැහැ, නේද|
1129|ප්රශ්නයක් නැහැ. ඕනෑ කෙනෙකුට ඕනෑ ප්රශ්නයක් අහන්න පුළුවන්. දරුවෝ සමහර වෙලාවට කුතුහලයෙන් පිරීලයි ඉන්නේ. අපි ජීවිතයේ ඉගෙන ගත්ත දේවල්|
1130|තවම දරුවෝ ඉගෙන ගෙන නැහැ. අපිට බඩේ බත් ටික වගේ දන්න දෙයක් දරුවෙක් අහන්න පුළුවන්.|
1131|ඇයි ඉර මෙච්චර රස්සේ? සමහර වෙලාවට ඒ වාගේ දෙයක් ඇහුවොත් නම් ඔබ ඒකට උත්තර දෙන්නත්|
1136|කිසි කෙනෙකුට ඔයාව අල්ලන්න බෑ, ඔයාගේ කැමැත්තක් නැතිව. ඕකේ තව ටිකක් එහාට ගියොත් තාත්තාට, අම්මාට පවා කියලත් තිබෙනවා|
1139|නැන්දට චුට්ටක් හාද්දක් දෙන්න. හාද්දක් හාද්දක් හාද්දක්|
1141|ඔබේ දරුවෝ කැමැති නැත්නම්, අල්ලන්න, අතපතගාන්ඩ ඒක උගන්වන්න තාත්තා. තාත්තාට තියෙනවා සෑහෙන ලොකු වගකීමක්. අම්මටත් එහෙමම|
1142|ගෙදරදී එක එක සෙල්ලම් කරනවා. අපි දන්නවා පොඩ්ඩෝ ගහ ගන්නවා,|
1145|අන්න අක්කි එපා කිව්වා. එපා දැන් පුතේ, දැන් එපා. එයා දැන් ආස නැහැ.|
1147|ඉතාම අසරණ වෙච්ච තරුණ ගැහැනු ළමයෙක් ගොඩක් කරදර වෙලා උසාවියට|
1148|පැමිණිකාර පාර්ශ්වය වෙනුවෙන් තමයි අමිතාබ් භච්චන් නීතිඥයෙක් පෙනී සිටින්නේ. විත්තියේ පැත්තෙන් කියනවා.|
1149|මෙයා මේ නිකම් දැන් මෙයා නිකම්, නිකම් බබා වෙන්න යනවා|
1150|එයා පෙර කවරදා කවරදා හෝ තැනක, කොතැනක දෝ හෝ කොහොම වුණත් “එපා” කිව්වොත් එපා. එපා කියන එකට මෙලව තැනක් නැහැ නේ මේ ලෝකේ.|
1153|එක කුටුම්භයක් ඇතුළෙ හිටියා කියලා එපා කියන වචනය වලංගු නැති වෙන්නේ නැහැ.|
1154|කොහොමද වෙන්නේ කියලා? පළවෙනි දෙවතාවම මේක වුණාට පස්සෙත්|
1155|අපි මේ සම්බන්ධව සාධනීය පියවරක් අරගෙන තිබුණද? වෙන රටවල නම් මෙහෙම දෙයක් වුණොත් එහෙම ජපානයේ වුණා කියලා|
1156|ඒ මණ්ඩලයේ ඉන්න ලොක්කයි, ඒකේ ඇමතිලායි ඔක්කොම දහ ගමනේ ඇවිල්ලා දෙකට තුනට නැමිලා, ආචාර කරලා කරලා, සමාව ඉල්ලලා ඉල්ලලා,|
1158|අපි ඉතින් මූලික වශයෙන් ජල විදුලිය පාවිච්චි කරලා තමයි|
1159|ඊට අමතරව දැන් ඉතින් මෑත කාලයේ නම් අපි කථා කරන්නේ, සෝලා (...) පද්ධතිත් තියෙනවා. ඔය හැම එකම එකතු වෙලා තමයි රටේ විදුලිබල ඉල්ලුම සම්පූර්ණ කරන්නේ|
1160|ඉල්ලුම ගැන අපි කථා කරද්දී ඉතින් මෙගාවොට්|
1161|දෙසීයක අඩුවක් හැම වෙලාවේම තියෙනවා, මේක හරියට අපේ|
1162|අපි හිතමු මෙන්න මෙහෙම. ජනක ලක්මෙවන් ඉංජිනේරු මහත්මයාගේම|
1164|ලංකාවම එක වයර් එකකින් සම්බන්ධ කරලා|
1165|විදුලියත් එක්කම තව යන වචනයක් තියෙනවා|
1166|වැඩිය එහෙ මෙහෙ වෙන්න බැහැ. හදන ප්රමාණයට වඩා|
1167|ඉල්ලන ප්රමාණය එක සැරේ වැඩි වුණොත් එහෙම|
1168|පනහට තියෙන්න ඕනෑ එක හතලිස්නවයයි දශම අටට, ඔන්න ඔහෙම පහළට එනවා. එහෙම පහළට එනකොට, තවදුරටත් පහළට එන එක|
1169|මේ තියෙන නිර්ණායක ඕනාවට වඩා වෙනස්|
1171|අනතුරක සේයාවක් දැකපු වහාම|
1172|එහෙම නොවුණොත් කරන දේ තමයි|
1174|එකපාට්ටම අනවශ්ය විදුලියක් ඉල්ලනව.|
1175|නිෂ්පාදනය කරන ධාරිතාවට සමාන කොටසක් ඉතුරු වෙනව|
1177|අඩේ අර මල්ලිත් ගියා|
1178|සෑහෙන ප්රමාණයක් ගබඩා කරල තියන්ඩ බැට්රි කොච්චර ඕනෙද?|
1179|ගබඩා කරල තියෙන කේස් එකක් නෑ බැට්රි නැත්නම්|
1180|මේවට ලොකු සල්ලි යනව. කියන්නත් සංතෝෂයි විදුලි බිල සියයට තුන්සීයක් වෙලත් අපි දන්නව ඔබ තමුන්නාන්සේල|
1181|පද්ධතිය පාලනය කරන්ඩ බඩු අපි ගාව නැත්නම්,|
1183|මේ කියන විධියට පද්ධතියකට එන විදුලි මාර්ගයක්|
1184|නිෂ්පාදනය කරාට බෙදාහරින මාර්ගය හිර වෙලා. ඉල්ලුම අඩු වෙලා නෑ. සෑහෙන දැවැන්ත පද්ධතියක් එයාගෙ දායක්තවය දී ගන්න විධියක් නැ|
1186|අද ළමයි පරක්කු වුණා ඇද ගන්න.|
1187|ළමයි ඉතිං දුවලා ඇවිල්ලා වාහනේට නගින්න ඇති. ඔබ එනකනුත් බණින්න ඇති|
1189|එහෙම වෙනවා. ඔය හොඳයි. ඉතිං අපිට මතකයි ඉතිං ඉස්සර එහෙම|
1190|එන්නත් පැය එක හමාරක් දෙකක් යනවා ඉස්කෝලෙට|
1191|ඉතිං සමහර වෙලාවට වතුර ගහනවා|
1192|බණිනවා වචන ටිකක් තියෙනවා. කාලකණ්ණි වාගේ|
1194|බණින එකෙත් කෙළවරක්|
1195|ඔළුවට දීලා තියෙන ඒවා බැලුවාම ඒ කියන්නේ අපි මෙලොව|
1196|වැඩක් නැති ජීවින් කොට්ඨාසයක්|
1197|නමුත් දැන් ඊට වඩා|
1198|දැන් මුලින්ම අර බණින එක ගැන මම යමක් කියන්නම්. ඔබ ශාරීරික දඬුවමකට යනවා නම් නැත්නම් ඔබ හයියෙන් කෑ ගහන්න යනවා|
1199|. මෙන්න මේ ටික කල්පනා කරන්න ඉස්සෙල්ලාම බලන්න ඔබේ දේහයේ තරමයි ළමයාගේ දේහයේ තරමයි|
1200|ඔබ මොහොතකට ඒ ළමයාගේ දේහයේ සයිස් එකට යන්නකො|
1201|හිතන්න මේ වගේ සද්ධන්ත මිනිහෙක් ඇවිල්ලා|
1202|නහය ගාවට ඇගිල්ල තියලා තරවටු කරන වෙලාවක ඒ ශරීරයට දැනෙන භ්රාන්තිය කොයි වගේ|
1203|ඔබෙන් යැපෙන ඔබ පඩි අරගෙන ගේන බඩු ටිකෙන් හදන කෑම වේලක් කාලා|
1205|ඔබ වගේ සද්ධන්ත දේහෙකින් ලැබෙන තර්ජනය කොයි විධියට ග්රහණය කරනවා|
1206|හිතන්නකෝ ඔබේ බොස් හෙන සැර පරුෂ නිකම් ගන්නම සාරයක් නැති පොරක්|
1207|ඔබ හිතන්න ඔබේ දරුවාට ඔබ තර්ජනය කරනකොට දැනෙන අසරණ කම ඒ වාගේ කීප ගුණයක් නොවී තියෙන්න පුළුවන්ද?|
1210|කියන්න බැරි තරම් ඒ ළමයි මේ වෙලාවේ ඔබට වඩා දුර්වලයි|
1212|වචනයක් කියන්න පුළුවන්ද? ඔබට ගස්සලා පද්දලා යන්න|
1213|මෙච්චරම තග දාපු එක අසාධාරණ නැද්ද වැඩි නැද්ද අර පොඩි|
1214|ඔබ ඒ පෙන්නන ගැම්ම ෆුට් සයිකලයක් ඉස්සරහ නතර කරපු ලොකු ටිපර් එකක් වගේ ඔබ ඒ ඉල්ලන ගේම. ඒක|
1215|ඔබ දවසක පිළිගනී පොඩි වුණාට උන්ටත් හැඟීම් තියෙනවයි|
1216|උන්ටත් හිතේ කැකෑරෙන දේවල් තියෙනවා. උන්ගෙත් අතින් වෙන අතපසු වීම් තියෙනවා.|
1217|ඔක්කොම ඉවර වෙලා, කෑ ගහලා, බඩු පොළොවෙ ගහලා අමුතු භීතියක්|
1218|මං හිතේ තියන් ඉන්නෑ නේ, කියන එක|
1219|ඔබට පස්සෙ දැනෙන් නැද්ද ඒ වේදනාව. බයේ වකුටු වෙලා|
1220|අයිනකට වෙලා නිදාගෙන ඉන්නකොට ඔබ වැටිලා නෑ කඩාගෙන, කුඩු වෙලා නෑ.|
1222|පොඩ්ඩක් ඒ ගැට්ට යතු කැටයක් අරන් ගෑවා නම්|
1224|දරුවාට කියන්න, එයාට හැමවෙලාවෙම මෙන්න මේ වචන ටික මතක් කරන්න කියලා. දරුවෙකුට හැම වෙලාවෙම හිතෙන්න ඕනේ කාරණා අටක් කියන්නම්|
1225|මම හොඳ ළමයෙක්. මම හරි කරුණාවන්තයි. මට ඕන දෙයක් කරන්න පුළුවන්.|
1226|මට හොඳ ආත්ම විශ්වාසයක් තියෙනවා. මට ඕන ප්රශ්නයක් විසඳන්න පුළුවන්. හත,|
1228|මගෙ අතින් වැරදි වෙන්න පුළුවන්. හැබැයි මට ඒවා හදාගන්න පුළුවන්.|
1229|ඒක කරන්න. ඒක ගන්න ඔබ ඇඟට.|
1230|ඔබට මාර කෑල්ලක් කරන්න පුළුවන්. ඔය ටික ඇති. අතපය උස්සන් යන්න ඕන නෑ|
1231|ඒ අසරණකම දෙන්න එපා. ඔබ තාත්තා නේ. තාත්තා ඉස්සරහ දරුවෙක් අසරණ වෙන්නෝනේ නෑ කීයටවත් කියලා මං විශ්වාස කරනවා. මමත් ඒකට පියවරින් පියවර ආවේ. එක රැයින් ආවේ නෑ.|
1234|ඔබ තමයි “පුතා බයවෙන්න එපා” කියලා කියන්නේ. ඔබ නම් පුතේ බයවෙන්න එපා කියලා කියන්නේ, ඔබ ඇයි පුතාව බය කරන්නේ?|
1235|අද නම් රිද්දුවා ඔබට මම කොහොමද දන්නවාද?|
1236|හැබැයි ඉතින් හොඳ ගුරෙක්. ගුරු මුෂ්ටි නැතුව තමන්ගේ ගෝලයෙකුට දෙයක් කියාදෙන මනුස්සයෙක්. ඒ වගේ මිනිස්සු හරි විසාලයි|
1237|තමන් දන්න සියලුම දේ තව කෙනෙකුට කිසිම දෙයක් හංගන්නේ නැතිව කියලා දෙන මිනිස්සු හරිම විසාලයි. පොඩි කෑල්ලක් හරි ඉතුරු කරගන්න හිතෙනවා නේ|
1238|මේ ගුරා එහෙම නෑ. ගෝලයට හැම දේම කියලා දුන්නා. එයා හැමතිස්සෙම කියපු දෙයක් තිබුණා ගෝලයට. වැඩ කරන්න. ඉගෙන ගන්න.|
1239|අඩුවෙන් කථා කරන්න. හැමදාම ගෝලයට කිව්වේ ඔය ටික තමයි. කාලයක් යද්දි ගුරා විශ්රාම ගියා|
1240|හැබැයි ගුරා විශ්රාම ගියාට, කොල්ලා තාම සහායක කාර්මික ශිල්පී. අලුත් ලොක්කෙක් ගත්තෙත් නැහැ|
1241|ගෝලයගේ, මට විස්තර කරන්න ගෝලයගේ තත්ත්වෙ. ගුරාගෙන් හොඳට ඉගෙන ගත්ත|
1245|වැඩ ටික අදටත් තිතට කරන කොල්ලා තාමත් සහායක කාර්මික ශිල්පී. මම දන්නවා දැන් මෙතන ඉඳලා පටන් ගන්නවා මේ ඔබේ කථාව කියලා ඔබට|
1246|දැන් ඔබට දැනෙන්න ඕන මේ කියන්න යන්නේ මගේ කථාව. ලෝකේ මේ වැඩේ වෙනවා නේ. හොඳටම වැඩ කරන මිනිහා කලකිරෙනවා නේ.|
1247|මේක මේ අපේ රටේ සමහර කර්මාන්තශාලාවලට, සමහර ව්යාපාරික ආයතනවලට විතරක් පොදු වෙච්ච ලක්ෂණයක් නෙවෙයි|
1248|මේක මුළු ලෝකෙම තියෙන එකක්. මෙයාට පොඩ්ඩ පොඩ්ඩ නමුත් බොහොම ස්ථිරවම කලකිරීම එන්න ගත්තා හිතට. කලකිරීම දරාගෙන කාලයක්|
1249|වැඩ කරා තමයි. නමුත් දැන් මෙයාට හිතෙනවා මීට වඩා මේක කරන්න බෑ, මේක මගේ වරදක්ද, මේක කොම්පැණියේ වරදක් ද?|
1250|මම ඉගෙන ගත්තේ, වැඩ කරන්න, ඉගෙන ගන්න, අඩුවෙන් කථා කරන්න. ඒකද මගේ වැරැද්ද? එයා ගියා තමන්ගේ පරණ ගුරුවරයා හම්.|
1251|ගෝලයගේ මූණ හරි නෑ. පුතා මොකක්ද අවුල? විස්තරේ කිව්වා. හොඳයි පුතාල ඔයා පුතා මෙහෙම කරන්න. ඔයා හෙට|
1253|ඔයා දවස් පහක නිවාඩුවක් ඉල්ලන්න. අනිවාර්යයෙන්ම ඒගොල්ලෝ ඒ නිවාඩුව ඔයාට දෙන්න ඕනේ. ගෝලයා කල්පනා කරනවා ගියේ වෙන වැඩකට.|
1255|හුඟක් කොම්පැණිවලට තියෙන බඩකඩිත්තු ලෙඩක් තමයි ඕක. වැඩකරන මිනිහා අඳුනගන්න බැ|
1256|ඔයා ඒක කරන්න කෝ. ගුරුවරයා මේ දීපු අවවාදය මොකක්ද කියලා හිතාගන්ඩ මිනිහට එච්චර මේකක් නෑ|
1258|ගෙදර ගියා. ගෙදර ගිහිල්ලත් ඉතින් අර දවස් පහෙත් කොහෙවත් ගමනක්|
1259|දවස් පහකට පස්සෙත් ඕකම කල්පනා කර කර යනවා. ගුරාගෙන් අහනඩත් බෑ නේ මොකක්ද කියල. කිසිම දෙයක් වුන් නැහැ නේ තාම. නිවාඩු ගත්තා විතර නේ|
1261|ලොක්කා, “ආ..පුතා, එන්න. කොහොමද? නිවාඩුවේ මොනාද කරේ? පොඩි වැඩ වගයක් තිබුණා|
1263|පස්සේ මිනිහට ආරංචි වුණා මේක ගොඩ දාගන්න ඩෙඟා නටලා|
1264|අපි තීරණය කළා පුතා ඔයාගේ පඩිය වැඩි කරලා,|
1266|ඒ තනතුර අපි තව මාස කීපයකින් ඔයාට දෙන්න|
1268|දැන් කොල්ලට හිතුණොත් එහෙම මොකක් හරි අසාධාරණයක් වුණා කියලා,|
1269|එනකොට ප්රශ්නෙ විසඳිලා කොල්ලට ඕන විධියට වැඩේ|
1270|දැන් කොල්ලා කල්පනා කරනවා මගේ ලොක්කා මොන තරම් ප්රඥාවන්තයෙක්ද නේ. බලන්න මට දීපු අවවාදේ.|
1272|ඔය විධියට කීප ගමනක් කොල්ලා කළා. අවුරුද්දක් යන කොට හය, හත් ගමනක් ඕක වුණා|
1276|මෙන්න මේ ලියුම දෙන්න කිව්වා සර්. ගත්තා. අස් කරලා. හෙනට වටිනාකම් වැඩිවී ගෙන වැඩිවී ගෙන ගියා නේ.|
1277|ගුරා කියපු විධියට දවස් පහ නිවාඩු ගත්තට පස්සේ, ඔන්න කොම්පැණියේ ඇහැ ඇරුණා|
1278|ඊට පස්සේ මිනිහා දවස් පහක්, හයක් නිවාඩු ගන්න එක- නිකම් පොඩි අවුලක් ගියත් දවස් පහක්, හයක් නිවාඩු ගන්නවා|
1279|ඒ හැම සැරේම වැඩ කරා. එකම එක දවසක් හැර. ඒ තමයි අන්තිම එක. එයා ගියා එයාගේ ගුරා හම්බවෙන්න ආයේ.|
1280|මම ඔයා කියපු විධියට හැමදේම කළා. ඒක ඇත්තටම වැඩ කළා. ඊට පස්සේ මම කීප වතාවක් ඒක කළා. ඒගගොල්ලෝ මාව අස් කළා.|
1281|“පුතා, මොකක්ද වුණේ කියනවා නම් මේකයි පුතා. ඔයා පළවෙනි භාගෙ අහගෙන ගියා, ඔයා දෙවෙනි භාගේ අහගන්න ඉවසීමක්|
1282|ඔයා හිතන්න පුතා බල්බ් එකක්. කාමරේක ලයිට් එක පත්තු වෙලා තියෙන තාක් කල් කාටත් මේ හම්බෙන එළිය ගැන විශේෂ අදහසක් නෑ.|
1283|හැබැයි මේ ලයිට් එක ගිය ගමන් අපි ලයිට් ගියාද, බල්බ් එක පිච්චුණාද,|
1284|අපි හැමෝගෙම පූර්ණ අවධානය ඒ බල්බ් එකට එනවා. ඔය හිතන්න පුතා, එකම බල්බ් එක නිතර|
1285|බල්බ් එක මාරු කරනවා|
1287|.ලොක්කට තේරුණා නිකන් මේකා පළිගන්නඩ|
1290|පමණ දැන වළඳනු මැන.|
1291|හරි ලස්සන චිත්රයක්. පරණ නමුත් මහේශාක්ය ලීලාවෙන් රුවල් නැවක්.|
1292|නැවට වඩා උස රළ ගෙඩි මැද්දෙන්|
1293|ඒ පිංතූරේ ඇඳලා තියෙනවා. වචන පේළි දෙකයි.|
1296|නැවට වඩා උස රළ ගෙඩි මැදින් නැව ගමන එහෙම්මම තියාගන්නවා.|
1298|කපිතාන් කොහොම හරි මේවා මඟ ඇර ඇර|
1299|අභියෝග අර ගනිමින්, පිළිගනිමින් මිනිහා යන්නේම යන්න ගිය|
1300|කප්පිතෙක් ඒ වැඩේ අනිවාර්යෙන් කරනවා.|
1302|මම ඒක මගේ ඇඟට දාගෙන බැලුවා. මගේ පවුලේ අය, මගේ යාළු මිත්රයෝ, සමහර වෙලාවට අපේ මේ ආයතනය|
1305|ඔබනම් කපිතාන්, හැරිලා බලන්න. බලන්න ඒ මූණු දිහා ඔබ දිහා. බලාගෙන බලාපොරොත්තුවේ පහන්සිළු|
1307|අල්ලන් ඉන්න හිතෙනවාට වඩා වැඩි වාර සංඛ්යාවක්|
1308|එතකොට මම බලන්නේ මම මේ කරන්න යන වැඩේ ගැන|
1309|ඒ මිනිස්සු කොච්චර ඔබට වටිනවද කියන එක උඩ.|
1312|කැමතිද මේක වෙනස් කරන්න? පළවෙනි දේ ඒක. ඕනම දේකට|
1316|මේක හෙණරාජ තෛලය දාලා තියෙන්නේ මේ යන්ත්රය කියලා කියනවා. ඒවා බොරුයි කියලා කියන්න තරම් සාක්කි අපි ගාව නැහැ.|
1317|හැබැයි ඔය සම්බන්ධයෙන් හෙණ පොරක් මට දවසක්|
1318|වෙඩි තිබ්බට වදින්නේ නැහැ.|
1319|"කැමත්ත දුන්නොත් වදිනවා” කිව්වා|
1320|කෙනෙක් කාට හරි කිව්වොත් හෙණරාජේ දාගෙන ඉන්න ගමන් “ආ උඹ පුළුවන් නම් මට වෙඩි තියපන්”|
1321|හිතන්නෙපා ටක් ගාලා|
1323|පළවෙනි තප්පර පහෙන් බැස්සේ නැත්නම්|
1324|මෙ මෙහෙම මෙහෙම තල්ලු කරනවා.|
1325|වැටිලා ගඟේත් ඔළුව එබිලා තමයි|
1326|ගොඩක් තැන්වල ගැටේ දාලා ඉවර වෙනකොට මානසික|
1327|මේ ගොල්ලෝ මොනාද කරන්නේ?|
1328|මෙහෙම කරලා මෙහෙම කරලා බොරූවට ගාංචු තද කර කර ඉන්න ගමන්|
1329|තවත් බොරුවට පොඩ්ඩ පොඩ්ඩ අල්ලගෙන ඉන්න ගමන්|
1333|මෙන්න මෙහෙම වැඩක් තියෙනවා. මෙහෙම තියෙනවා. ඔබ කැමතිද මේකට සහභාගි වෙන්න?|
1335|අපි යං පරන කාලේ|
1336|ඒවා මොනවගෙන් හැදුවා කියලද ඔයා හිතන්නේ|
1337|නැවක් වතුරේ තියනකොට විශේෂයෙන්ම.. කරදිය වල|
1338|කන්ඩවාරකයො කියල ජාතියක් ඕකෙ හැදෙනව|
1341|ඉතිම් මේ ඔය කන්ඩමාරකයෝ, මට්ටි, පනුවො, මුහුදු වේයො කියන ජාති ඉන්නවා නේද?|
1343|බඳ කාගෙන, විකාගන ඒක|
1344|ඕකේ තියන වැඩේ නැවේ බඳ විනාශ වෙන එකට අමතරව|
1347|ඔය දකුනු ඉන්දියාවෙ තියනවා කියලයි කියන්නේ|
1349|ඔය දමිල විවාහාරයට එනකොට සමහර අකුරු ඒගොල්ලො ශබ්ද කරන විදිහ වෙනස්|
1350|එතකොට අගස්තිකූට්ටම් මේක මේ හරිම රහසේ තිබිච්ච|
1352|ලස්සනයි ඒක හරි අමුතුයි ඒ තැන|
1356|ඊට පස්සෙ ලොකු සානුවක් තියනවා වටේ ආයෙ කඳු|
1359|ඒ ගඟ තමිරවරුනී කියලා කියන්නේ|
1361|ඒ පැත්තෙ තිබිච්ච විවහාරය අනුව තමිර කියනව රතු පාටට|
1363|දැන් තඹ පාටත් වතුරට වැටුනම පොඩි රතක් තියන නිසා|
1364|අපි දන්නෙ නෑ තමිරවරුනි කියලලු මෙ ගඟට|
1367|මේ මලය පුත්ර වරු පඩිපෙලක් කපලා තියනවා කියනවා ගඟ අයින දිගේ ගුහාව ඇතුලෙන්|
1368|මේ මහ අන්දකාර ගුහාවක් එක තැනකට ගියාම එක පාරටම හද පැයුවා වගෙ එලිය වෙනවා මේ කට්ට කලුවර ගුහාව|
1369|මේ ගුහාවෙ වහලෙ තියනවා කියනවා සුදු පාට දිලිසෙන් තලපයක්|
1371|මතක තියාගන්න අර මට්ටි බෙල්ලො සුද්ද කරලා නැවක ඔය ගුහා ද්රව්ය කියන එක ගැවොත් එදත්|
1372|වේයන්ට, මුහුදු වේයන්ට, පණුවන්ට මේකෙ එල්ලෙන්ඩ බෑ, ලුහුටලා වැටෙනවා, මේකෙන්|
1373|මේ කතාවේ අපිට එක තැනකට යන්න වෙනවා මේ ඉන්දියාවේ|
1374|ප්රස්ත කියලා තියනවා තැනක්|
1375|ප්රස්ත ඉඳලා එක දක්ෂ කොල්ලෙකුයි එයාගෙ මල්ලියි එයාගෙ අම්මයි එහෙ වෙච්ච මොකක් හරි සිද්ධියක් නිසා ජීවිතේ|
1376|පැනලා ආවා කියලා කියනවා ඉන්දියාවෙ තිබිච්ච චිලිකා කියන වරාය නගරයෙන් ඉතින් මේ කියන දක්ශ කොල්ලා තමයි මේ පව්ල රැකගන්න ඉන්න එකම|
1377|මහලොකු වයසක් තිබුනෙත් නැ අවුරුදු දාහතරක පහලොවක වයසක තමයි මේ පැනලා එන්නේ|
1378|අම්මාවයි මල්ලිවයි අරගෙන ජිවිතෙ බෙරගන්න ආවා කියලයි කියන්නෙ හරි හුරුබුහුටි කොලුවා ටක් ටක් ගාලා මේ චිලිකා වාරයෙ වැඩ අල්ලගන්න|
1379|හැම නැවකම ටික ටික වැඩ කර|
1381|ගන්න කැමති මනුස්සයෙක් මොකද චිලිකා වාරයෙ හිටපු ආණ්ඩුකාරයා රට ඇතුලට එන බඩු වලට|
1384|වෙන පාරකින් රට ඇතුලට ගේනවා|
1385|මුහුද මැදට වෙන පාරකින් බඩු අරන් ගිහිල්ල විකුනලා සල්ලි අරන්|
1386|රේගුවට මාට්ටු වෙන්නෑ|
1388|අනේ මල්ලි අපේ බඩු ටිකත් මොනා හරි කරලා දෙන්න අහ් අපි ඔයාට ගානක්|
1389|අසාමාන්ය සල්ලියක් හොයාගත්තා කියනවා මේ කොලුවා, මෙයාට අහම්බෙන් ලංකාව ගැන අහන්න ලැබෙනවා මෙයා එනවා ලංකාවට|
1390|මෙයා ලංකාවෙ තිරිකුනාමලේ පැත්තෙ තමන්ටම කියලා ගෙයක් හදාගන්න පටන් ගත්තා|
1391|කියලා කියනවා මේ හම්බවෙච්ච සල්ලිය පාවිච්චි, කාලයක් යද්දි මෙයාගෙ නිත්ය නවාතැන වෙන්නෙ ලංකාව කියලා|
1392|දැන් මෙයාට මේකෙන් දිගටම සල්ලි හම්බවෙනවා මෙයා කල්පනා කරනවා හැමදාම අරයට මෙයාට වැඩ කරල වැඩක් නැ|
1393|මේ වෙළඳාම මම පටන් ගන්න|
1396|මෙන්න මේ තරුන කොල්ල දැනගෙන හිටියා ඉන්දියාවේ හිටපු කාලෙ අර කියපු ගුහා ද්රව්ය ගැන|
1397|එයා මලය පුත්ර කණ්ඩායම අන්දලා|
1398|මේ පොඩි වැඩකට|
1401|අහල තුන් හත්පතුවේම තිබුන් නැහැ කියනව එයාගෙ නැව් තරම් වේගෙන් යන නැව් අනිත් ඒවට යන්න බැ කන්ඩමාරකයෝ එල්ලිලා|
1402|මට්ටි බැඳිලා, බෙල්ලෝ එල්ලිලා|
1403|ඉතින් ඔහොම මෙයාගෙ නැව් ටිකක් වේගවත් හින්දා|
1404|මෙයාගෙ අර ජාවාරම් වැඩේටත් මේක හරි ලේසි උනා කියලා කියනවා|
1405|තව තව සල්ලි හම්බවුනා කාලයක් යනකොට ඒ පැත්ත පලාතෙ තිබ්බ ලොකුම නැව් ඇනිය තිබුනේ මෙයාට|
1407|මුහුදු මංකොල්ලකාරයෝ සෑහෙන කරදරයක් උනා මේ වෙළඳ නැව් වලට , දැන් මේ තරුනයා|
1408|මේ ගැන සද්ද වහලා හිටියෙ නැ එයා ලංකාවෙන් ඉන්දියාවෙන් සහ ඉන්දියාව අවට පහතින්|
1409|එයා දක්ශ හයිය හත්තිය තියන මිනිස්සු තෝරගෙන|
1411|මෙයාගෙ නැව් වල ආරක්ශක හමුදාවක් යනවා|
1412|දැන් මෙයාගෙ නැව් මංකොල්ල කන් නෑ අනිත් උන්ගේ නැව්|
1413|අනේ මේ ඔයාගෙ ආරක්ශක හමුදාවෙන් ටිකක් අපිටත් දෙන්නකෝ|
1414|වෙළෙන්ඳො ගණන් හදලා බැලුවා, සැරයි තමයි, නමුත් අර මංකොල්ලාකාරයෝ දෙන ගේමත් එක්ක බලද්දි|
1415|ඉතින් මෙයා ඒකෙන් හෙව්වා යක්ශ සල්ලියක්|
1416|ඒ විතරක් නෙමෙයි දැන් මෙයාගෙ මිනිස්සුනෙ ආරක්ශක අංශෙට|
1417|ඒ වෙළෙන්ඳො කරන බිස්නස් මොනවද|
1418|කීයටද විකුනන්නේ වෙළඳාම හොඳ කොයිකාලෙ|
1419|නරක කොයි කාලෙටද? යන්න තියන හොඳම මුහුදු මාර්ගය මොකක්ද|
1421|කාලයක් යද්දී ඒ වෙලාඳාම් ටිකත් මේ අපේ පුත්රයා අරගත්තා|
1422|කොලුවා සහ මෙයාගෙ මල්ලී පමනක් දැනගෙන හිටපු රහසක් දැන් මං ඔයාට කියනවා|
1423|ඒ තමයි අර මුහුදු මංකොල්ලකාරයන්ගෙන් නැව් බේරගන්න හදපු හමුදාව විතරක් නෙමෙයි|
1424|ඒ මුහුදු මංකොල්ලකාරයෝ කන්ඩායමත් හැදුවේ මෙයාම තමයි|
1425|ඔය සොමාලියානු ප්රශ්නෙත් ඒ වගේ කොනක් තියනවා, සමහර වෙලාවට ආරක්ශාව දෙන අයම සෝමාලියනු මංකොල්ලාකාරයෝ|
1426|කවුද මේ අයියා කව්ද මේ මල්ලී|
1427|අමීශ් ත්රිපති කියන ඉන්දියානු ලේඛකයා පොත් තුනක් ලියනවා රාමා, සීතා, රාවනා කියලා|
1428|එයා එයාගෙ පොතෙන් ඉතිහාසයට කියන විදිහට මේ අයියා රාවනා මල්ලි කුම්භ කර්න|
1429|අමීශ් හෙමීට ඒ අදහස වෙනස් කරගෙන යනවා ලෝකෙ පුරා, අමීශ් ත්රිපති අපේ කට වහනවා එක තැනකදි|
1430|එයා එක තැනකදි පෙන්නන්න හදනවා රාවණා ඉන්දියාවෙන් ආපු කෙනෙක් කියලා එයා තව තැනකදි කියනවා|
1431|තව විදියකට කියනවා රාවණා වැඩකාරයෙක් කියලා එයා තව තැනකදි කියනවා රාවණා කලාකාරයෙක් කියලා|
1432|තව තැනකදි කියනවා රාවණා බිස්නස්කාරයෙක් කියලා එයා අපිව පටලවලා තියන පැටලිවිල්ලේ හැටියට|
1433|අපිට රාවණා කියන්නෙ කව්ද කියලා හිතාගන්න බැරි තැනට එයා සාහිත්ය වෙනස්|
1434|අන්න එකයි මල්ලි පොත් කියවලා බලන්න කියන්නෙ රටක ඉතිහාසය වෙනස් කරන්න යුද්දයක් ඔන්නැ මේ වගෙ පොත් තුනක් තිබ්බාහම|
1435|කවදාහරි මේ පොත් තුන මේ සාහිත්ය රටක ඉතිහාසය කියලා පිලිගන්න පාරම්පාරවක් ආපු දාට|
1436|රාවණා ගැන ඔබයි මමයි හිතාගෙන ඉන්න ටික නෙමෙයි|
1437|හරි එයාගෙ මේ පොත් තුනම කියවන්න ඕනේ|
1438|එතන්දි ඔබට පේනවා රාවණාව කොටු කරලා|
1439|මොන තරම් ඉතිම් පිස්සු හැදෙන රටක්ද|
1441|ඉතිම් මේකෙ බලය අඩු කරන්නම තමා|
1443|ඔයා කියන්නේ ඉතින් මට මතකයක් තියෙනවා ඉතින් ඉස්සර සිංගප්පූරුවට වගේ ගිහිං එන්න පුළුවන් සාමාන්යයෙන් රුපියල්|
1444|සාමාන්යයෙන් රුපියල් තිස්නමදාහත් හතලිස්පන්දාහත්|
1445|එතකොට දැන් මං ගණන් බැලුවා.|
1463|ඒවා නෙවෙයි කතාව,ඉතින් දැන් මගීන් ටික නැගලා ඉවර වුණාම|
1465|නමුත් සමහර රටවල වල ගුවන් පතයට යන්න සෑහෙන වෙලාවක්|
1466|ඔන්න ඔය වෙලාවෙ තමයි|
1469|ගුවන් ගතවෙන්න ඔන්න මෙන්න තියෙද්දි|
1472|හරි ලස්සනට ගුවන් මගීන්ව තක්බීර්|
1473|කරගන්න විදිය,දැන් මේක කියනවා මේක බලාගන්න මේක ඉතාම වැදගත්|
1475|ඉතින් අපේ අය ඕක බලන්නේ නෑ|
1479|ඉන් ද අන් ලයික්ලි ඉවෙන්ට් ඔෆ් සඩ්න් ලොස් ඔෆ් කැබින් ප්රෙශර්|
1483|සාමාන්යයෙන් ගුවන්යානයක් අඩි දාහතරදාහකට වඩා උඩ ගිය වෙලාවක,|
1485|ස්වයංක්රීයව පහළට වැටෙනවා. කවුරුත් මුකුත් බොත්තමක්වත් ඔබන්න|
1486|මොකද පීඩනය අඩු වුනාම අපිට|
1488|අඩි දහදාහා හෝ ඊට වඩා පල්ලෙහට පුළුවන් වේගෙන්|
1489|ඕකට මිනිත්තු කිහිපයක් යනවා. ඔය මිනිත්තු කීපය තමයි ජීවිතේ පිස්සුම හැදෙන|
1492|ඔය කියන ආරක්ෂිත නිවේදන අර කලින්|
1498|මොකද මුලින්ම ඔබට හුස්ම ගන්න බැරිව ගියොත් වෙන කාටහරි උදව් කරන|
1500|වුණොත් ඊට පස්සේ අනිත් අය ගැන බලන්න ඔබට අවස්ථාවක්|
1501|සමහර මිනිස්සු මේකට කියනවා ආත්මාර්ථකාමිකම|
1502|අපි ගමුකෝ සිද්ධාර්ථ කුමාරයා.මුලින්ම,|
1504|සමහර දේවල් තියෙනවා, සියල්ලට කලින් තමන් අවබෝධ කරගන්න|
1505|සමහර මිනිස්සු කියයි ඒක ආත්මාර්ථකාමී කම කියලා. මම නම් එහෙම හිතන්නෙ නෑ|
1507|තියෙන්නේ කොහෙද කියලා.ඔබට පොඩි සරල අදහසක් එන්න පුළුවන් ඒ නමත්|
1508|පොඩ්ඩක් එහෙ මේ වෙන්න ඕනේ….මේක ටිබෙට් වල නිරිත දිග කොටසේ තමයි මේ කයිලාශ කූටය එහෙම නැත්තං කයිලාශ කන්ද|
1510|මේ කන්ද ස්වභාවිකව නිර්මාණය වුණ එකක් ද, එහෙම නැත්නම් අපි දන්නෙ නැති අවුරුදු දස දහස් ගණන් ලක්ෂ ගණන් ඉතිහාසයේ එක තැන|
1511|මේක කවුරුහරි හැදුවාද කියන එක|
1512|ඉවරයි. කුඩුනේ ඉතිං.. තව අදහසක්,මේක කන්දක්ද මේක පිරමීඩයක්ද ?දැන් ඔයා|
1513|අපිට විසඳගන්ඩ බැරි සමහර ගොඩක් තාක්ෂණික කාරණා තියෙනවා. ඉස්සර කාලේ ඒවා|
1515|කොතත් එක්ක උලක්. ඊට පස්සේ ලෝකෙ වැඩියෙන්ම කතා කරන පිරමීඩ ගැන|
1516|උලක් ශ්රේෂ්ඨ රජවරු ඔටුනු උලක් ඇයි මේ උලක්|
1519|මීටර් අටදාස් හයසිය ගානක විතර උසක් තියන එකක්. කයිලාශ කූටයේ උස මීටර් හයදාස් හයසිය තිස්අටයි|
1520|විශ්වාස කරනවද? එවරස්ට් කන්ද නැගපු එකම අයිය කෙනෙකුටවත් කයිලාශ කූටය නැග ගන්න බැරිවුණා කියලා අද වෙනකන්|
1523|පහලින් තමයි කයිලාශ කූටය තියෙන්නේ. එතකොට අපි දක්ෂිණත් ද්රවයේ ඉඳලා දුර ගත්තොත් එහෙම දහතුන්දහස් තුන්සිය තිස්දෙකයි කිලෝමීටර්|
1524|උඩ ඉඳල හයදාස් හයසිය හැට හයයි.පහළ ඉඳලා ගන්නකොට කිලෝ මීටර් දාහතුන්දහස් තුන්සීය තිස්දෙකයි. මං විශ්වාස කරනවා ඔබ කලබල වුනෙත් නැහැ|
1525|ඔබ හිතුවෙත් නෑ.ඒ ගැනනම්. හයදහස් හයසිය හැට හයයි දහතුන්දාස් තුන්සීය තිස් දෙකයි කොහේ හරි කොල කෑල්ලක ලියාගෙන ගණන් හදල බලන්න|
1526|හරියටම උත්තර ද්රවයේ ඉදල කන්දට තියෙනවා වගේ දෙගුණයක් තමයි කන්දේ ඉඳලා දකුණට තියෙන්නේ|
1529|මේ අක්ෂය හරහා ගොඩක් දේවල් විශ්වයේ තියෙනවා ඇති|
1531|දැන් ඔබට ප්රශ්නයක් ඇති අර කලින් එකට අපි උත්තර දුන්නේ නැහැ. එවරස්ට් කන්ද නැගපු මිනිහෙක්ට අදටත් මේකට නැග ගන්න බැරි වුණේ. අවුරුදු නමසීයකට කලින්|
1534|මතක තියාගන්න උඩට යන්න යන්න යන්න යන්න මේ වාතයේ ඝනකම අඩු වෙනවා. ඔබට තේරෙන භාෂාවෙන් මං|
1540|මිනිස්සු කරන දේවල් වලට කැලණිය පළි නෑ. කයිලාශ කූටය වටේ මේ කිලෝ කිලෝමීටර පනස් දෙකක රවුම ඇවිද්දාම කරපු පව් හේදිලා යනවා කියලා කියනවා|
1543|මෙතනට ගිය මිනිස්සුන්ගේ රිපෝට්ස් අරගත්තම ඒ මිනිස්සු කියලා තියෙනවා කයිලාෂ කූටය පේන මානයට ගියාම|
1545|අපේ කොණ්ඩේ නියපොතු අපි දන්නවා සති දෙකක් තුනක් යනකොට වැවෙන ප්රමාණය|
1546|ඒ ප්රමාණය පැය කීපයකින් වැවෙනවා කියලා ඒ සීමාව ඉන්නකොට.|
1547|මොන බොරුද කියල කිය කිය ඉන්නැතුව ඕන්නං ගිහිල්ලා බලන්න|
1548|උවමනාව තියෙන්නේ. රශියන් සයන්ටීස්ට් කෙනෙක් ඇත්තටම පුරා විද්යා සම්බන්ධව කෙනෙක් වෙන්න ඇති. එයා කියලා තියෙනවා මේක ඇත්තටම|
1549|මේ කන්ද ඇතුලේ හිස් මේකෙ ඇතිවෙන ශක්ති නියමයන් අපි දන්න භෞතික විද්යා නියමයන්වලට යට වෙන්නේ නැහැයි|
1551|ඒව අපි දන්න භෞතික විද්යා නීතිවලට අහුවෙන් නැහැ|
1552|එයා කියනවා මේ කන්ද ඇතුලෙ හිස් නගර දෙකක් මේ කන්ද ඇතුලේ තියෙනවා. සමස්ත මනුෂ්ය ප්රජාවගේම|
1554|මිනිස්සු කියනවා මේක සමහර යෝගීවරුත් කියලා තියෙනවා. දිව්යලෝකෙට යන පඩිපෙළ පටන් ගන්නේ මෙතනින් කියලා|
1555|මනුස්ස ලෝකෙයි දිව්ය ලෝකෙයි යා කරන තැන එතන දොරටුව තියෙන්නේ මේ කන්දෙ කොහෙ හරි තැනක කියලා|
1556|මිනිස්සු කියන්නේ මේ තමයි ශිව දෙවියන්ගේ ගෙදර කියලා. ඔබට මෙච්චර කියලත් කයිලාෂ කූටය බලන්න උවමනාවක් නැත්නම් මේ වැඩසටහන|